Andalu_ilustrao|En mi opinión, una de las mayores satisfacciones de la vida es ver que por mucho que imaginemos y elucubremos, la realidad siempre supera a la ficción.
tienesrazon|Casi el 80% de los españoles creían a Aldama frente a Sánchez cuando salió de la cárcel, bueno, los primeros los fiscales y jueces, si no no hubiera salido de la cárcel. Ahora seguro que son el 90%. Hasta Page ha pedido elecciones, como cualquier persona honesta. Los foreros rojos no porque no son honestos y además cobran de Ferraz la mayoría.
CHININN|@barcetabis #84 Cerrar @ burrinchus # 76 Pues igual que muchos votarán de por vida a Ayuso , o Puigdemont o a Mazón . Somos así . Al único que no votarán , pero si lo botarán es a Feijóo. Tenemos la memoria justa para pasar el día. Y no nos importa si lo nuestro es bueno o malo para el conjunto. Lo importante es que sea malo para el oponente. Solamente voy a juzgarle a Ud.por haber cometido una falta de ortografia, en la segunda palabra del voto, por que si lo juzgo por el significado tendria que ponerle un calificativo que me lo reservo tendria que ser de ignorante.
Goligo|@Objetivo_pero_no_imparcial #55 Cerrar Aldama miente y sobreactúa. borrego detectado
Glutamato2025|En la Moncloa y en la PSOE han quitado todas las llaves de las puertas, ahora se abren cuando los corruptos del sanchismo-begoñismo dicen abrete sésamo
ADELE_|@tienesrazon #97 Cerrar @ Trango2 # 85 Creo que va tener difícil pegar un pucherazo, que lo intentará seguro que sí, pero necesitaría demasiados cómplices, demasiados. No, yo creo que no podrá, o en éso confío, no sé. El alegre golpista de Teruel. A ver si el cuerpo aguanta hasta 2027, aunque la cosa pinta mal.
yugurtungue|Ayer en el programa de Risto en TV, Pérez Dolset afirmó que lleva 6 años trabajando con Leire Díez. Es decir, que mientras era alto cargo de empresas públicas esta señora ya estaba trabajando de fontanera.
ADELE_|@tienesrazon #93 Cerrar Hasta Page pide elecciones ya. Somos un circo mundial por culpa de Sánchez. Mira tío, que vas a ir a la cárcel sí o sí, y por muchos temas, así que deja de hacer tanto daño al país, vete ya de una vez y convoca elecciones. @ThePipe #91 Cerrar Dimision y elecciones. Es lo minimo que se le pide a un estado democratico ante un escandalo de estas magnitudes. Para las elecciones mejor esperar un poco. Los cadáveres de Mazón todavía están calientes, deje que se enfríen un poco, que la gente olvide.
muellegonzalez|Cómo es posible que se ponga en libertad a un personaje como Aldama inmerso en el.proceso de Hidrocarburos, con un pastizal en el extranjero.....y sin aportar ni una sola prueba desde que salio...... GOLPE DE ESTADO Con TOGAS.....
Akatax|Desconocía esta actuación de Aldama y me ha alegrado profundamente la mañana. Aunque falta saber: donde fue la rueda de prensa, quien le dejó acceder a ella. Por curiosidad
Ignathie|@barcetabis #84 Cerrar @ burrinchus # 76 Pues igual que muchos votarán de por vida a Ayuso , o Puigdemont o a Mazón . Somos así . Al único que no votarán , pero si lo botarán es a Feijóo. Tenemos la memoria justa para pasar el día. Y no nos importa si lo nuestro es bueno o malo para el conjunto. Lo importante es que sea malo para el oponente. Yo tengo muy claro que antes que votar a Frijol me hago el carnet de la PSOE y me tatúo la cara del número 1 en la espalda. Frijol jamás.
JMdiazD|@Payasos #31 Cerrar ¿Y este delicuente que hacía hace unas semanas en de vacaciones en Ibiza gastando una media de 3000 euros/día.? ¿buscando el indulto mediante un cambio de gobierno? si tiene dinero,a ti que te importa donde lo gaste,cuando tenga que rendir cuentas con la Justicia,lo hará¿No veo que te quejes cuando el galgo de Paiporta se va a la Mareta con toda la familia ,pagando los españoles¿.
ADELE_|@Trango2 #85 Cerrar @ DORSAL14 # 79 no creo que esto lo arregle unas elecciones. Ya hay declaraciones en un juzgado de gente que supuestamente voto por correo y no lo hizo, otras elecciones otro pucherazo y más ahora que controla indra Hay que saber perder.
ThePipe|Y mientras El panfleto EL Pais, antes un diario serio, ahora un triste nodo, nos dice que la conferencia de presidentes ha sido saboteada por el PP por culpa de una agenda inabarcable. . . Imagino que la agenda sobre todos los escandalos reales e ineficiencias que sanchez ha regalado a los espanoles mientras intentaba cubrirse las espaldas . . . . . . la dignidad y el periodismo zurdo ya se encuentran en puntos de no retorno
ADELE_|@Fraterno #86 Cerrar Comparado con España, Corea del Norte es un país serio y ejemplo de democracia. Pues vete a Corea del Norte, qué haces aquí?
ADELE_|"@DonJoseGrillo #78 Cerrar Esto da para una serie de cinco temporadas, jajajaja. Sobre el PP ya hicieron una serie. Se llama ""Fariña""."
Big_Bang_falso_origen|Sr. Aldama, tiene todo mi apoyo, ya está bien de romper el estado, sin presupuestos y con mentiras a diario
ADELE_|@DORSAL14 #79 Cerrar Elecciones!! Ya.. Para qué, para que Vox vuelva a perder 19 escaños? Fue humillante...
JMdiazD|@JohnGallagher #53 Cerrar Señores del ejército. Es ahora o nunca. Es el momento. Ustedes tienen armamento, munición, y disciplina militar. Pongan orden. Hagan limpieza. No miren atrás. es inaudito que a estas alturas de la democracia española,alguien ,siquiera insinúe un levantamiento militar¿Otra vez ,vuelta al ostracismo?¿A la penuria ,y a la guerra fratricida entre hermanos?¿Sánchez,no es ni de lejos santo de mi devoción,y deseo que se vaya cuanto antes ,mejor,y si es para acabar en una cárcel,mejor¿Pero JAMÁS,por un golpe de Estado¿
sctjaime|A ver que tal lleva Pedrito pasar a la historia como el payaso mayor del circo y sobre todo cutre.. muy cutre todo. No saben ni robar.
tienesrazon|@barcetabis #84 Cerrar @ burrinchus # 76 Pues igual que muchos votarán de por vida a Ayuso , o Puigdemont o a Mazón . Somos así . Al único que no votarán , pero si lo botarán es a Feijóo. Tenemos la memoria justa para pasar el día. Y no nos importa si lo nuestro es bueno o malo para el conjunto. Lo importante es que sea malo para el oponente. Hombre, si no hubiera tantos sinvergüenzas como tú defendiendo la corrupción de Sánchez otra cosa sería, un país más decente tendríamos.
Umte|La reserva comunista y bananera de Europa y co el beneplácito de sus votantes. Ahhh cuidado con el voto por correo en las próximas.
chusita444|vamos aldama !!!!!estamos esperando q tires de la manta y saques todo el fango de este gobierno
tienesrazon|Que peliculón te va a salir, Santiago Segura, con Sánchez y sus fontaneros, menudo filón. Hasta Silvia Intxaurrondo y su bomba lapa ocuparán un lugar preferente en la película. Buah, es que hay tema para 10 películas mínimo, la primera se podría titular Los cuatro del Peugeot.
tienesrazon|Ya hubo encuestas después de salir de la cárcel en las que casi el 80% de los españoles creían a Aldama antes que a Sánchez, ahora creo que serían el 90%. Todo lo que ha dicho Aldama son verdades como templos, Leire es una mentirosa, una sinvergüenza y ha amenazado de muerte a Aldama y a Balas. Pura Rosa Nostra.
PostMarxistaequivocado|Que dimita el felón
228dead|sacar de la cárcel a un delincuente como el aldama solo porque le dijo a un juez corrupto que tenía montañas de pruebas contra Sánchez y el magistrado del ppvx se frotaba las manos pensando que lo harían presidente del tribunal supremo o ministro de justicia con toda seguridad , demuestra el nivel de corrupción que tiene la mayoría de la judicatura hispana, por eso en Europa jamás entregarán a ningún fugado político a los españoles porque aquí no hay garantías judiciales
barcetabis|@Puesbuenopuesvale #68 Cerrar La tal Leire es la versión femenina del Amado Lider. Narcisista, agresiva, mentirosa y manipuladora. La pillan ofreciendo a acusados beneficios de jueces y fiscales si pasan información contra la UCO y dice que es que está escribiendo un libro. Nos toman a los ciudadanos por militantes del PSOE. Y se comprueba que en realidad son del PP....
el_mono_tematico|Lo peor de todo es que tenemos al mayor corrupto de la democracia, sí, ése, el súbdito de Puigdemont. Esto desprende un hedor insoportable. Estaremos a la espera de la publicación del libro de la fontanera socialista jajaja. Y a la espera de más putrefactos acontecimientos.
Maxd103|La España del cohete
JeanMoulin|@CivitasHispania #77 Cerrar Aldama es el único que está haciendo algo por echar a esta panda de corruptos y desde luego le voto a él antes que a Feijóo, al menos este tiene memoria e inteligencia, espero que le salga bien su estrategia. Y tú entiendes cual es la estrategia de este sinvergüenza corrupto? A qué espera para tirar de la manta en vez de montar estos shows y pasearse por las televisiones?
Goligo|@moritz #72 Cerrar Cada día se hace más difícil soportar el hedor que supura este Gobierno y la coalición que lo sostiene ¿Que dicen Sumar, el PNV o ERC de esta carroña? Su disimulo es tan infame como el del propio presidente. son la misma banda... ellos votaron contra la corrupción de Rajoy y ahora callan. A ellos no le gusta la corrupción siempre y cuando trincan. España es un Estado fallido donde campan analfabetos, corruptos, bufones, p*teros y chusma de toda índole. Lo peor del pueblo disfrazado de traje y corbata.
acongojado|Amenazas no, pruebas concluyentes para llevar a toda esta banda de mafiosos a la carcel.
Javi-Bcn|. A Ábalos lo expulsaron del partido. A ésta la han hecho darse de baja con alguna promesa de recolocación futura y aquí no ha pasado nada. ¡No hay mas preguntas señoría! .
bohemi|de momento Aldama ha hablado de fontaneros con nombres y no han tardado tanto en salir,lo triste es que un gobierno no de la cara y nos cuente la verdad
miblapan|@N0RL #73 Cerrar @ CROSSRN # 57 claro que no, yo estoy desenado que las saque. Pero no hay manera. Ya ha sacado, pero le parece poco, pues según dice Aldama tiene más.
miblapan|@JeanMoulin #74 Cerrar @ ElHombredel Saco # 24 Pues presentarse de esa forma tan patética en la rueda de prensa, parece más bien que va de farol y que no tiene nada.... Si lleva tan buenas cartas que las enseñe ya de una vez! Según leí, Aldama fue a oír lo que decía Leire, y cuando habló parece que él le recriminó que estaba mintiendo y dijera la verdad.
Stopfascismo|El delincuente este lleva tiempo diciendo muchas cosas y aún no ha acreditado nada. Por otro lado, ha avalado la candidatura de Feijoo en el congreso del PP pueden darle un carguito en el organigrama
Randimamola|@IronHorse #70 Cerrar ¿de los más de noventa millones que ha levantado a los españolitos según la UCO y que tiene en paraisos fiscales, ha dicho algo? Una propina comparado con lo que habéis robado los socialistas en los últimos cuarenta años...
valle77|Es un espectáculo vergonzoso. La destrucción de la democracia en vivo y en directo.
mardanione|Espectáculo lamentable de los trapos sucios de este desgobierno, con el fráudez como responsable último, muy bien arropado por los más sucios cómplices, la ultra izquierda trasnochada de podemos y sumar, los bilduetarras, los recoge nueces, sin olvidar de la ultraderecha xenófoba de Junts y los rufianes y bizcos de esquerra. Todos igual de SINVERGÜENZAS
JoseJuanMartinez|La cara de Leire Díez es el espejo del alma. Ojeras, rosto desencajado. La fontanera ha metido a todo el partido socialista, en una espiral que los llevarán al hundimiento.
JeanMoulin|"""Ya veréis lo que va a pasar y ya lo verá también el presidente del Gobierno"" dice Aldama. Pues CUANDO?.... A QUÉ ESPERA? A que termine la legislatura?...."
N0RL|@bernardino #40 Cerrar @ N0RL # 8 Comparado con los €60 millardos de fondos europeos que la eurodiputada alemana dice que nadie sabe dónde están y que el Tribunal de Cuentas europeo confirma lo mismo, si no se han perdido los habrán robado y todo ello debajo de las narices de la Comisión Europea. la verdad que lo he buscado y no doy con ello, podrías decirme el nombre de la eurodiputada y la resolución del Tribunal de Cuentas ?
marcameron|@N0RL #8 Cerrar @ bernardino # 2 de momento nos ha robado 190 millones de euros según todas las pesquisas que ha hecho hasta ahora anticorrupción. Pero cada uno tiene su héroes. Los ERE 680 millones. Y no se ha devuelto un céntimo y todos de rositas. Gracias a un juez puesto a dedo por el PSOE en el TC. La corrupción de unos, no quita la corrupción de otros. Todos estos a la carcel. TODOS CORRUPTOS.
Gonzete1|No termino de entender claramente el papel de Aldama, pero es innegable que los tiene bien puestos para acudir y decirle als cosas a la cara con cámaras y micrófonos.
N0RL|@Alain_Petit #28 Cerrar @ N0RL # 4 sí. Y pertence a la trama del PSOE Sánchez, Abalos, koldo y Cerdán. No lo olvides. no hay que mentir, o igual no mientes, en qué procedimientos judiciales están imputados Cerdán y Sánchez, si puedes dame una contestación directa, simplemente qué tribunales y por qué casos, ya está.
Andalu_ilustrao|"@moreno1984 #37 Cerrar @ Andalu_ilustrao # 1 en este caso de corrupción, para mi no hay ninguna satisfacción. Es extraño de explicar; aunque sea algo objetivamente malo, la cabeza te ""explota"" cuando ves algo que ni te podías imaginar, es como una especie de epifanía o catarsis. A eso me refería con satisfactorio."
erpelaez|Ojo a este Aldama, que hasta ahora se ha ido demostrando con la UCO paso a paso todas sus denuncias, y es mas que probable que algun cabo suelto empiece a largar tambien
Goligo|@ADELE_ #95 Cerrar Yo con los delincuentes, yo con Aldama y el novio de Ayuso. borrego a la vista beee beee
barcetabis|@nota #71 Cerrar Pero no pasa nada!....tienen votantes para rato y oye.. un poquito de fraude electoral y p'alante.. Ya salió otro trumpista...
Comentario01|Tenemos la camorra en La Moncloa. Deberían impedir que Sánchez salga del país por lo que pueda pasar.
tienesrazon|@Trango2 #85 Cerrar @ DORSAL14 # 79 no creo que esto lo arregle unas elecciones. Ya hay declaraciones en un juzgado de gente que supuestamente voto por correo y no lo hizo, otras elecciones otro pucherazo y más ahora que controla indra Creo que va tener difícil pegar un pucherazo, que lo intentará seguro que sí, pero necesitaría demasiados cómplices, demasiados. No, yo creo que no podrá, o en éso confío, no sé.
Ignathie|¡Aldama vive, la lucha sigue!
ADELE_|Yo con los delincuentes, yo con Aldama y el novio de Ayuso.
JMdiazD|@Objetivo_pero_no_imparcial #55 Cerrar Aldama miente y sobreactúa. claro¿Aldama miente,y Leire y Santos Cerdo y Sánchez dicen la verdad¿A que sí¿
tienesrazon|Hasta Page pide elecciones ya. Somos un circo mundial por culpa de Sánchez. Mira tío, que vas a ir a la cárcel sí o sí, y por muchos temas, así que deja de hacer tanto daño al país, vete ya de una vez y convoca elecciones.
ThePipe|@barcetabis #84 Cerrar @ burrinchus # 76 Pues igual que muchos votarán de por vida a Ayuso , o Puigdemont o a Mazón . Somos así . Al único que no votarán , pero si lo botarán es a Feijóo. Tenemos la memoria justa para pasar el día. Y no nos importa si lo nuestro es bueno o malo para el conjunto. Lo importante es que sea malo para el oponente. Si por favor pudieras explicar la comparacion entre Aldama, Puigdemont, o el mismo Correa, Bigotes, con Ayudo, me harias un favor. Porque no creo que Ayuso pueda ni deba de ser comparada con ellos, solamente lo explicaria un odio irracional hacia ella. Y fijate que te he puesto mas ejemplos de corruptos del PP que del PSOE,
ThePipe|Dimision y elecciones. Es lo minimo que se le pide a un estado democratico ante un escandalo de estas magnitudes.
Decentro|El q boicotea una rueda de prensa es Porq teme lo q en ella se suelte. Ahí q mirar hacia la trama de los hidrocarburos y escuchar todos los audios q ofrece el empresario Dolset.
N0RL|@Luis11MA #83 Cerrar @ N0RL # 8 los jefes de ese que se ha robado 190 millones son el presidente de España, su mano derecha y su mano izquierda... otra cosa es que usted no lo quiera ver, como buena integrante de una travesura. pues yo digo que son Feijoo, Ayuso, Tellado y Abascal, y tengo las mismas pruebas que tú.
pedrodiablo|Madre mía estamos rodeados de gentuza por todas partes ,qué contentos estarán los del PP no tienen nada que envidiarles,¡¡ja,ja,ja,!!
PedroSanchezOdiaEspana|Vete ya, Pedro Chávez. Que los dictadores acaban siempre muy mal. Megustalafruta.
Fraterno|Comparado con España, Corea del Norte es un país serio y ejemplo de democracia.
Trango2|@DORSAL14 #79 Cerrar Elecciones!! Ya.. no creo que esto lo arregle unas elecciones. Ya hay declaraciones en un juzgado de gente que supuestamente voto por correo y no lo hizo, otras elecciones otro pucherazo y más ahora que controla indra
barcetabis|@burrinchus #76 Cerrar @ usuario_no_registrado # 51 No le des las gracias de este esperpento ni Valle-Inclán ni a Berlanga. Dale las gracias a Pedro Sánchez y su cueva de Alí Babá, y a todos los españoles que aún hoy lo votarían. A él, o a cualquiera de sus socios de gobierno. Un país, al final, tiene lo que la mayoría quiere. Lo siento, pero es así de triste. Pues igual que muchos votarán de por vida a Ayuso , o Puigdemont o a Mazón . Somos así . Al único que no votarán , pero si lo botarán es a Feijóo. Tenemos la memoria justa para pasar el día. Y no nos importa si lo nuestro es bueno o malo para el conjunto. Lo importante es que sea malo para el oponente.
Luis11MA|@N0RL #8 Cerrar @ bernardino # 2 de momento nos ha robado 190 millones de euros según todas las pesquisas que ha hecho hasta ahora anticorrupción. Pero cada uno tiene su héroes. los jefes de ese que se ha robado 190 millones son el presidente de España, su mano derecha y su mano izquierda... otra cosa es que usted no lo quiera ver, como buena integrante de una travesura.
CHININN|Si los jueces admiten que una persona delate a otra a un que esta este imputada en otro caso, a Aldama, MORALMENTE la justicia le debe de exonerar de sus cargos o al menos reducirselos al maximo, esta haciendo una lavor de regeneración tremenda, ojo que a quien esta culpando directa e indirectamente es a Sanchez.
Soysolounomas|Pensaba que Sánchez y su séquito aspiraban a ser como Maduro ... Pero parece que me equivoqué, lo que querían es superarlo, y si no lo han hecho ya .. estarán a punto.
loqueyotediga|@Reedus #75 Cerrar Si esta mujer dice que actúa en nombre propio es porque ya tiene preparada la puerta giratoria preparada por Feijoo al tiempo
DORSAL14|Elecciones!! Ya..
DonJoseGrillo|Esto da para una serie de cinco temporadas, jajajaja.
CivitasHispania|Aldama es el único que está haciendo algo por echar a esta panda de corruptos y desde luego le voto a él antes que a Feijóo, al menos este tiene memoria e inteligencia, espero que le salga bien su estrategia.
burrinchus|@usuario_no_registrado #51 Cerrar Hoy Valle-Inclán y Berlanga salieron de sus tumbas a pasear por Madrid y nos regalaron una escena apoteósica del género del esperpento. ¡Gracias Maestros! No le des las gracias de este esperpento ni Valle-Inclán ni a Berlanga. Dale las gracias a Pedro Sánchez y su cueva de Alí Babá, y a todos los españoles que aún hoy lo votarían. A él, o a cualquiera de sus socios de gobierno. Un país, al final, tiene lo que la mayoría quiere. Lo siento, pero es así de triste.
Reedus|Si esta mujer dice que actúa en nombre propio es porque ya tiene preparada la puerta giratoria
JeanMoulin|@ElHombredel Saco #24 Cerrar Parece que lleva buenas cartas el tal Aldama. Ya veremos quién canta las 40 en bastos. Pues presentarse de esa forma tan patética en la rueda de prensa, parece más bien que va de farol y que no tiene nada.... Si lleva tan buenas cartas que las enseñe ya de una vez!
N0RL|@CROSSRN #57 Cerrar @ N0RL # 4 Eso no implica que no tenga pruebas de lo que dice, entonces estariamos ante dos ladrones claro que no, yo estoy desenado que las saque. Pero no hay manera.
moritz|Cada día se hace más difícil soportar el hedor que supura este Gobierno y la coalición que lo sostiene ¿Que dicen Sumar, el PNV o ERC de esta carroña? Su disimulo es tan infame como el del propio presidente.
nota|Pero no pasa nada!....tienen votantes para rato y oye.. un poquito de fraude electoral y p'alante..
IronHorse|¿de los más de noventa millones que ha levantado a los españolitos según la UCO y que tiene en paraisos fiscales, ha dicho algo?
SSG|@jma57 #47 Cerrar Alguien puede investigar quiénes son los guardaespaldas de leire o es que leire es capaz de pagarse ella solita un servicio de guardaespaldas ? con su trabajo de periodista ja ja ja
Puesbuenopuesvale|La tal Leire es la versión femenina del Amado Lider. Narcisista, agresiva, mentirosa y manipuladora. La pillan ofreciendo a acusados beneficios de jueces y fiscales si pasan información contra la UCO y dice que es que está escribiendo un libro. Nos toman a los ciudadanos por militantes del PSOE.
100Datiles|Que degradación de país y de democracia, Pedro Sánchez y este Gobierno ya no podían caer más bajo, pero si creo que aún caerá más bajo, van ha salir más cosas y mucho más fuertes.
Abj|@N0RL #8 Cerrar @ bernardino # 2 de momento nos ha robado 190 millones de euros según todas las pesquisas que ha hecho hasta ahora anticorrupción. Pero cada uno tiene su héroes. La Leire también es un crack. Es un duelo de titanes.
mosqueao|@espantajo #22 Cerrar Apareció el mafioso que faltaba, el que tenía mil pruebas contra, el gobierno y por eso le sacó de la cárcel un pepejuez pero no ha aportado nibguna Pero recuerda que este mafioso es de los tuyos, de la mafia de Koldo, Ábalos, Sánchez y PSOE.
CharlieSheen|Cada día es una nueva mafia de este gobierno. Es increíble que los votantes le sigan defendiendo. Es increíble qué buena es la izquierda adoctrinando a la gente
JeanMoulin|Aldama exigiendo que la tipa esta diga la verdad? A qué viene este circo? No dice Aldama que tiene pruebas irrefutables? Pues entonces? Que hable él!!! O será que no tiene ninguna prueba?....
Payasos|Este chulo punteras sí que está nervioso. Se pensaba que soltando cuatro cargas sin pruebas iba a caer el Gobierno y le ha salido el tiro por la culata.
Oliver44|¿ Alguien sabe dónde está la directora de la GUARDIA CIVIL? Desaparecida en combate.
revuelta|La está bien empleado el circo! Por chula y por sin vergüenza!
Abj|Cómo se está poniendo la peli de interesante. Qué siga el show
Vilanis|Menuda mafia tenemos instalada en el gobierno de España.
CROSSRN|@N0RL #4 Cerrar Este tío que el fin de pasado estuvo en Ibiza relajándose, ha robado a los españoles que se sepa de momento y según el juez que investiga el caso, 190 millones de euros. Eso no implica que no tenga pruebas de lo que dice, entonces estariamos ante dos ladrones
uyate|"Vaya país está dejando el socialismo en España (como en otros países por los que arrasaron tal que Atilas): criminales gobernando y ""no pasa nada""."
Objetivo_pero_no_imparcial|Aldama miente y sobreactúa.
mundeado|"@burrinchus #25 Cerrar Prefiero a Aldama de presidente antes que a Sánchez... Como socialista, me avergüenzo de todo lo que sucede en el partido desde ZP, con ese paréntesis de sensatez que fue Rubalcaba. Pero lo de Sánchez supera el guión más delirante que hubiéramos podido imaginar jamás en la vida. Si la izquierda española se ha convertido en kirchnerismo-chavismo, y lo seguimos apoyando ""para que no salga la derecha"", yo os digo a todos los socialistas de este país: es mejor que gobierne Feijoo a que nos convirtamos en un apéndice de la ruina que impera en Sudamérica. Sólo nos salva, de momento, que Sánchez no puede imprimir pesos y que dependemos bastante de la pasta que nos pule la Unión Europea. Mi padre, casi 80 años, luchando por valores de izquierda desde joven, no sabe dónde meterse. totalmente de acuerdo. Lo único que está salvando a España es pertenecer a la UE,"
JohnGallagher|Señores del ejército. Es ahora o nunca. Es el momento. Ustedes tienen armamento, munición, y disciplina militar. Pongan orden. Hagan limpieza. No miren atrás.
21031953|Este gobierno nos toma por tontos a los españoles porque además hace las cosas de forma cutre y no les importa que se vea de lejos que nos quieren engañar....que espectaculo tan indigno!!
usuario_no_registrado|Hoy Valle-Inclán y Berlanga salieron de sus tumbas a pasear por Madrid y nos regalaron una escena apoteósica del género del esperpento. ¡Gracias Maestros!
mellaibi|@espantajo #22 Cerrar Apareció el mafioso que faltaba, el que tenía mil pruebas contra, el gobierno y por eso le sacó de la cárcel un pepejuez pero no ha aportado nibguna le parece poco lo que está saliendo ...
mundeado|Venga Aldama, a por ellos. Es la única forma de salvarte y salvar éste país.
mellaibi|Los videos eran de denuncia por parte del Gobierno a Fiscalía a la hora de publicarse ... no se ha hecho NADA. Esta claro quien está detrás de todo esto.
jma57|Alguien puede investigar quiénes son los guardaespaldas de leire o es que leire es capaz de pagarse ella solita un servicio de guardaespaldas ?
moreno1984|ahora viene el verano, los españoles se van de vacaciones y a la vuelta ya nos ocuparemos si eso de estas cosas. Nuestra memoria suele ser muy mala y perdonamos cosas muy graves, pero esta corrupción del PSOE es algo que nunca se ha visto antes en España. Si no te gusta este gobierno, hay manifestación este domingo 8 de junio en Madrid, en la plaza de España. Es nuestra oportunidad de protestar.
Jota-R|La cara de Leire es un poema. Tierra trágame!!! jajajajaja
wook44|Aquí iba a tirar todo el mundo de la manta y al final nada de nada. Los WhatsApp nada, los discos duros de Aldama nada, Leire nada, las novias de Abalos nada. Fango, crispación y bajar al barro por parte de la caverna mediática y la derecha punto.
Zark_7|@Payasos #31 Cerrar ¿Y este delicuente que hacía hace unas semanas en de vacaciones en Ibiza gastando una media de 3000 euros/día.? ¿buscando el indulto mediante un cambio de gobierno? Mira, como los golpistas catalanes que gobiernan en España vía Sánchez.
miblapan|Es Pedro Sanchez el que habla con Aldama? No se ve bien en la foto. Está como empujando a Aldama con la mano. Y cara de pocos amigos. Si es que es él. Parece. Y Leire con esa cara.
Zark_7|Sánchez ha convertido España en un estado corrupto y fallido, una película de Torrente. Patético. Triste.
bernardino|@N0RL #8 Cerrar @ bernardino # 2 de momento nos ha robado 190 millones de euros según todas las pesquisas que ha hecho hasta ahora anticorrupción. Pero cada uno tiene su héroes. Comparado con los €60 millardos de fondos europeos que la eurodiputada alemana dice que nadie sabe dónde están y que el Tribunal de Cuentas europeo confirma lo mismo, si no se han perdido los habrán robado y todo ello debajo de las narices de la Comisión Europea.
EL_AVISPERO|Aldama eres mi pastor..
moreno1984|a este hombre se lo cargan, es raro que haya ido a esa comparecencia.
moreno1984|@Andalu_ilustrao #1 Cerrar En mi opinión, una de las mayores satisfacciones de la vida es ver que por mucho que imaginemos y elucubremos, la realidad siempre supera a la ficción. en este caso de corrupción, para mi no hay ninguna satisfacción.
DrGuapo|Leire. Byscate un buen abogado pagado por tí, que defienda tus derechos y no los del partido. Tidavía estás a tiempo. Has escojido el camino que tiene mas posibilidades de acabar en la carcel y Sánchez no va a durar para siempre.
chemasan65|Posiblemente sea la primera vez que esté de acuerdo con un delincuente: son unos sinvergüenzas.
Zark_7|Yo si fuera Aldama contrataría a dos guardaespaldas serbios o búlgaros...
ironico|Las únicas declaraciones de Leire respondiendo a preguntas incisivas se las ha dado al periodista Vito Quiles y publicadas en Twitter X. Es sorprendente que Ningún medio recoja la jugosa información. Porque la rueda de prensa ha sido pactada con los periodistas, el PSOE y el Pp para no decir Nada.
miblapan|Guau! Es alucinante!
Payasos|¿Y este delicuente que hacía hace unas semanas en de vacaciones en Ibiza gastando una media de 3000 euros​/día.? ¿buscando el indulto mediante un cambio de gobierno?
jwam123|"Si no va a pasar nada al final,,,a ésta señora seguramente la hayan prometido un puesto BIEN PAGADO,fuera de los focos para que el español siga ciego y pagando impuestos que es para lo que estamos,para pagar su macrofiesta,me hace gracia oír a algún tertuliano decir eso de que,,ésto hay que pararlo ya,,CLAAAAARO,,,no vaya a salir todo y se vea que el político""""TODOS"""",,están para hacerse ricos de lo público,,pero no pasa nada,,saben muy bien el bipartidismo que siempre tendrán ahí de entre 1 millón y medio a 2 de acérrimos que les votarán pase lo que pase,si se pegan entre ellos es por los votos de los que pensamos un poco y que somos la bisagra para pillar poltro,los ya dichos?,,,con esos no tienen problema."
Con_tres_000|Señora, no me ponga esos pucheros. Ahora que se quedó sin empleo, y que me gotea una junta del grifo de la bañera, le pueden caer unos eurillos.
Alain_Petit|@N0RL #4 Cerrar Este tío que el fin de pasado estuvo en Ibiza relajándose, ha robado a los españoles que se sepa de momento y según el juez que investiga el caso, 190 millones de euros. sí. Y pertence a la trama del PSOE Sánchez, Abalos, koldo y Cerdán. No lo olvides.
Santi86|La presencia de Aldama no puede ser casual, algo más va a salir.
navajo|Cada día se ve más que el Papa, la Iglesia, el Mundo, el País, la Ser, la Cope, el Confidencial y todos los medios periodísticos españoles, europeos e incluso americanos, se han vendido al mejor postor, léase agenda 2030 y los corruptos que la han inventado. No podemos circular con nuestros coches diésel, pero ellos sí con los coches eléctricos que les pagamos todos. Los pedos de las vacas contaminan, pero su corrupción no. La política verdadera es inexistente y los ciudadanos estamos dormidos. No os dejéis engañar, todos los partidos políticos son iguales. Pero no perdonéis la corrupción, es lo que al final, más nos afecta a todos.
burrinchus|"Prefiero a Aldama de presidente antes que a Sánchez... Como socialista, me avergüenzo de todo lo que sucede en el partido desde ZP, con ese paréntesis de sensatez que fue Rubalcaba. Pero lo de Sánchez supera el guión más delirante que hubiéramos podido imaginar jamás en la vida. Si la izquierda española se ha convertido en kirchnerismo-chavismo, y lo seguimos apoyando ""para que no salga la derecha"", yo os digo a todos los socialistas de este país: es mejor que gobierne Feijoo a que nos convirtamos en un apéndice de la ruina que impera en Sudamérica. Sólo nos salva, de momento, que Sánchez no puede imprimir pesos y que dependemos bastante de la pasta que nos pule la Unión Europea. Mi padre, casi 80 años, luchando por valores de izquierda desde joven, no sabe dónde meterse."
ElHombredel Saco|Parece que lleva buenas cartas el tal Aldama. Ya veremos quién canta las 40 en bastos.
Apagon_Sanchez|La fontanera telonera le ha montado una buena rueda de prensa a Aldama. Ahora lo interesante será lo que se descubra cuando el uno o la otra o los dos tiren de la manta. Mientras tanto, ¿nadie se sorprende del silencio atronador de Sánchez?
espantajo|Apareció el mafioso que faltaba, el que tenía mil pruebas contra, el gobierno y por eso le sacó de la cárcel un pepejuez pero no ha aportado nibguna
69000|Nunca se han acumulado tantos casos de corrupción en torno a un Gobierno y en torno a la familia y amigos del Presidente. VERGÜENZA. Me creo más a Aldama. Está aportando audios de los tejemanejes de este DesGobierno mafioso. Entre pillos anda el juego. ELECCIONES YA
Ciertamente_circunspecto|A Aldama al final le vamos a tener que condecorar si con su información se acaba con Su Sanchidad.
Fractal|¡Que espectáculo tan edificante! Entre sinvergüenzas anda el juego. Saquemos las palomitas y pongámonos cómodos, que esto tiene cuerda para rato.
Madison|"Leire ""pa alante"", usando la jerga de su amigo Óscar López del PSOE. Esperemos que a Leire la sigan el resto de corruptos, empezando por el jefe."
ADELE_|Una de mis mejores decisiones fue no leer ni responder los comentarios de unoquepasTaba. Al principio lo hacía, pero después entendí su discapacidad y vi que no tenía ningún sentido. Y además nadie le responde.
pilarcardiel|Se resume en pan y circo. Solamente contemplan su ombligo y cómo perpetuarse en el poder. Mientras los problemas reales, los que nos afectan a los ciudadanos de a pié nos los comemos los ciudadanos día tras día, tras día. Recientemente una venezolana me comentaba con tristeza que no podía dar crédito que estuviese viviendo el mismo proceso que vivió en su país de nacimiento diecisiete años atrás.
Madison|Vean Horizonte, en la Cuatro. Flipante la trama que tiene montada el PSOE. Que se haya destapado lo de Leire, no hace más que confirmar todo lo que los periodistas de verdad, han descubierto.
Madison|El nombre de Leire Díez ya lo dio Víctor de Aldama en el programa de Ana Rosa hace meses. Esta señora y el PSOE pueden decir misa pero todos sabemos que negociaba en nombre de los de arriba. Ahora que diga misa si quiere pero no puede tapar la verdad. El PSOE se ha convertido en una mafia al servicio de capo Sánchez, eso es innegable y todo lo que están haciendo para llevarse por delante a jueces y a la UCO es delito.
mazgi31|¿Baja voluntaria temporal, no definitiva. Esto tiene un nombre...?
I_like_fruit|¿La baja voluntaria, dice? Jajajajajajajajajajajajajajaja Claro que sí, guapi
Lakuky|La mafia es el PSOE y Sánchez el capo di capi
ricardito_47|Tranquilos, que no cunda el pánico. Ya se ha descubierto que todo es un montaje de Ayuso y del facherio, por lo que el tema está resuelto ...
AlCamino|Era de esperar. La fontanera se desliga del partido y aquí paz y allí gloria. A echar tierra sobre el asunto. Pero no sé si eso va a resultar exactamente como quiere el PSOE.
