NewOrder|Espero que la Federación Española se comporte como debe y no se presente a esta patochada...
javil|@Orozko #263 Cerrar Soy vasco, espero que gane España Pues enhorabuena si gana España. Para otros el triunfo es poder participar.
alaremanguille|@pf2014 #257 Cerrar @ alaremanguille # 248 ¿Quién ha politizado el deporte sino aquellos que pretenden tener su propia selección nacional? La idea de crear una federación vasca no es otra cosa que política. ¿Y prohibirla qué es, gastronomía?
javil|@pf2014 #260 Cerrar @ javil # 258 Dado que la pelota vasca fue deporte olímpico únicamente en las olimpiadas de Paría de 1900 (en las de 1924, 1968 y 1992 fue tan solo deporte de exhibición) no se si se dieron las condiciones para lograr "numerosas" medallas. Y eso que España no debía tener muchos contrincantes. Pues en Barcelona 92 La Caixa pagaba lo mismo a los deportistas que lograban medallas, independientemente de que fuesen en disciplinas invitadas
javil|@pf2014 #261 Cerrar @ javil # 259 No. Pero generalmente las competiciones internacionales las disputan las selecciones nacionales de los Estados miembros. Pero no siempre. Y qué mejor excepción que este caso con un deporte tan vinculado al País Vasco y con tan pocos países participantes
Orozko|Soy vasco, espero que gane España
Ming|España debería retirarse del partido
pf2014|@javil #259 Cerrar @ pf2014 # 257 Las competiciones internacionales no tienen porqué ser entre estados. Lo determina la federación internacional de cada deporte. En las olimpiadas las representaciones sí son por estados. Euskadi ha conseguido con todas las de la ley su ansia de competir internacionalmente No. Pero generalmente las competiciones internacionales las disputan las selecciones nacionales de los Estados miembros.
pf2014|@javil #258 Cerrar @ pf2014 # 142 Pero en todas esas competiciones las medallas que se han conseguido son de chocolate. En pelotas vasca en cambio España ha conseguido numerosas medallas olímpicas Dado que la pelota vasca fue deporte olímpico únicamente en las olimpiadas de Paría de 1900 (en las de 1924, 1968 y 1992 fue tan solo deporte de exhibición) no se si se dieron las condiciones para lograr "numerosas" medallas. Y eso que España no debía tener muchos contrincantes.
javil|@pf2014 #257 Cerrar @ alaremanguille # 248 ¿Quién ha politizado el deporte sino aquellos que pretenden tener su propia selección nacional? La idea de crear una federación vasca no es otra cosa que política. Las competiciones internacionales no tienen porqué ser entre estados. Lo determina la federación internacional de cada deporte. En las olimpiadas las representaciones sí son por estados. Euskadi ha conseguido con todas las de la ley su ansia de competir internacionalmente
javil|@pf2014 #142 Cerrar @ Mugarri # 31 Ni competiciones de lucha canaria, ni de bola canaria, ni de loita galega, ni de pelota valenciana, ni te tiro de reja, ni de caliche murciano, ni de picota, ni de.... Pero en todas esas competiciones las medallas que se han conseguido son de chocolate. En pelotas vasca en cambio España ha conseguido numerosas medallas olímpicas
pf2014|@alaremanguille #248 Cerrar @ conchalote96 # 236 ¿Es realmente peligroso que unos deportistas jueguen contra otros deportistas? ¿Habrá heridos, muertos? ¿Se hundirá la Bolsa? ¿Qué tal si dejáis de politizar el deporte y que cada cual anime a su equipo sin ese odio que os sale por los poros? ¿Tan grave es que alguien prefiera jugar en un equipo que no sea el vuestro? ¿No pasa algo parecido en el Reino Unido, y no pasa nada? ¿Quién ha politizado el deporte sino aquellos que pretenden tener su propia selección nacional? La idea de crear una federación vasca no es otra cosa que política.
pf2014|@BELASTEGI #255 Cerrar @ Javierlec # 220 ¿Exactamente que entiende vd. por fundar? ¿Qué rey castellano fundó Bilbao? Bilbao ya existía antes de que Diego López de Haro apodado el Intruso el 15 de junio de 1300 dice hacer nuevamente población y villa cual dicen el Puerto de Bilbao, y lo hizo para cobrar dineritos a las mercancías. En el camino de Areta a Bilbao nadie podría tener compraventas y quienes transitaran de Orduña a Bermeo por Echábarri debían pasar por Bilbao. Lo que se entiende por fundar es dotar a un asentamiento de una "carta de población" con sus fueron, derechos, límites, etc. Generalmente se "fundaban" poblaciones con el fin de atraer habitasen a esas zonas con fines económicos o defensivos. Si Bilbao ya existía antes de su fundación ¿para qué fue necesario fundarla? El que esa zona estuviera habitada antes de su fundación no significa que la villa existiera.
BELASTEGI|@Javierlec #220 Cerrar @ innodes # 209 Una nación en la que Bilbao fue fundada por un rey castellano. O Zarautz, Hondarribia...o Guernica. Es decir, fueron castellanos antes que Madrid. Nunca fueron una entidad política independiente: parte deCastilla, parte de Navarra...Nación inventada por Sabino Arana, y se lo han creído. More usted cualquier mapa antiguo en cualquier enciclopedia o museo del mundo y verá que nunca aparece lo que hoy se llama Euskadi. Verá usted León, Aragón, Castilla, Navarra...y luego España. ¿Exactamente que entiende vd. por fundar? ¿Qué rey castellano fundó Bilbao? Bilbao ya existía antes de que Diego López de Haro apodado el Intruso el 15 de junio de 1300 dice hacer nuevamente población y villa cual dicen el Puerto de Bilbao, y lo hizo para cobrar dineritos a las mercancías. En el camino de Areta a Bilbao nadie podría tener compraventas y quienes transitaran de Orduña a Bermeo por Echábarri debían pasar por Bilbao.
BELASTEGI|@albertosanpen #243 Cerrar Pues seran vascos contra vascos, pq a eso no juega absolutamente nadie. Menuda memez. ¿Seguro? Club de Pelota Guadalajara, En Castilla-La Mancha hay algunos municipios con una gran afición a la pelota vasca, Iscar (Valladolid), etc. En febrero de 1944, la Delegación Nacional de Deportes acordó el cambio de denominación del deporte de Pelota Vasca a Pelota Nacional e impulsó la construcción de frontones.
BELASTEGI|@onbekende #246 Cerrar @ JeanMoulin # 224 NO ES PELOTA VASCA, ES PELOTA... un deporte que ya se jugaba en el Reino de Castilla antes de que algunos a la boina la llamasen chapela. En el año 1500, el Rey Felipe el Hermoso, fallecio en Burgos despues de jugar un partido de pelota... La pelota vasca, la segoviana, la valenciana, frisona, galesa, etc ¿Son iguales? ¿Todos los deportes en que se utiliza un balón ¿Son iguales? ¿Pertenecen a la misma federación?
BELASTEGI|@Usuarios2000 #250 Cerrar @ onbekende # 246 Y en Francia también jugaban. Ahí está el juramento del juego de la pelota de diputados franceses en 1789. Lo que no hacen los nacionalistas catalanes y vascos es jugar en unas ligas vascas y catalanas de fútbol, que para eso sí quieren ser españoles. ¿Y el juego de pelota era el mismo. tenía las mismas reglas, etc que la pelota vasca? NO. Le Jeu de Paume es un juego de pelota por encima de una red a la manera del tenis. Juegos de pelota hay en todo el mundo; Pelota galesa, valenciana, segoviana, mixteca, frisona, etc
Futre1|Da vergüenza hasta leerlo. Culpables los votantes del PSOE
Usuarios2000|@onbekende #246 Cerrar @ JeanMoulin # 224 NO ES PELOTA VASCA, ES PELOTA... un deporte que ya se jugaba en el Reino de Castilla antes de que algunos a la boina la llamasen chapela. En el año 1500, el Rey Felipe el Hermoso, fallecio en Burgos despues de jugar un partido de pelota... Y en Francia también jugaban. Ahí está el juramento del juego de la pelota de diputados franceses en 1789. Lo que no hacen los nacionalistas catalanes y vascos es jugar en unas ligas vascas y catalanas de fútbol, que para eso sí quieren ser españoles.
FNPL|Los deportistas "españoles" deberían de tener honor y no jugar.
alaremanguille|@conchalote96 #236 Cerrar @ NewOrder # 2 Completamente de acuerdo. Que la selección española no acuda y que la vasca se meta el premio por ahí mismo. Este es un antecedente muy peligroso. Y no tienen porqué obedecer órdenes de Moncloa. ¿Es realmente peligroso que unos deportistas jueguen contra otros deportistas? ¿Habrá heridos, muertos? ¿Se hundirá la Bolsa? ¿Qué tal si dejáis de politizar el deporte y que cada cual anime a su equipo sin ese odio que os sale por los poros? ¿Tan grave es que alguien prefiera jugar en un equipo que no sea el vuestro? ¿No pasa algo parecido en el Reino Unido, y no pasa nada?
onbekende|¡¡SANCHEZ TRAIDOR!! ¿Hay mayor indignidad para un politico que traicionar a su nacion?
onbekende|@JeanMoulin #224 Cerrar @ Httph # 204 Y para qué quieren una selección vasca de pelota vasca si en la selección española de pelota vasca ya son todos vascos?.... Van a jugar vascos contra vascos. No te parece absurdo?.... NO ES PELOTA VASCA, ES PELOTA... un deporte que ya se jugaba en el Reino de Castilla antes de que algunos a la boina la llamasen chapela. En el año 1500, el Rey Felipe el Hermoso, fallecio en Burgos despues de jugar un partido de pelota...
onbekende|En la investidura de Pedro Sanchez, el psicopata pacto con el PNV que el gobierno de España, promoveria ante los organismos deportivos internacionales que "Euzkadi" tuviese selecciones deportivas nacionales propias. Desde entonces, un grupo de trabajo psoe-pnv estan manteniendo reuniones con dirigentes de diferentes federaciones y organizaciones (UEFA; FIFA; COI..ect) con el fin de que cuando el gobierno del Pais Vasco solicite su participacion, esos dirigentes voten a favor... Y YA SABEMOS COMO SE CONSIGUEN ESOS APOYOS... SACHEZ LO SABE BIEN, CON DINERO, Y A SANCHEZ LE SOBRA TANTO DINERO, COMO LE FALTA VERGUENZA Y DIGNIDAD detras de la pelota, vendran otros deportes... y detras del Pais Vasco ira Cataluña, pues en esto, como en toda la estrategia para la independencia, lo tienen pactado..entre PSOE, PNV, JUNTS, ERC, BILDU... y toda la banda SANCHEZ TRAIDOR!!
moskorti|Notición. Paren las rotativas
albertosanpen|Pues seran vascos contra vascos, pq a eso no juega absolutamente nadie. Menuda memez.
juan_the_scrivener|Una vergüenza más de esta gente, España nunca debería jugar contra sí misma.
hojarasca|O dios mío que problemón. Hoy no duermo
Crema_Selvatica|La selección cántabra de bolos juega contra la selección española desde debe de hacer décadas
Crema_Selvatica|@Mansell8 #225 Cerrar Mucho problema con los nacionalismos pero a Ayuso, que es la más nacionalista (madrileña), la aplaudís con las orejas. Jajaja. primera vez que oigo decir que Madrid es una nación
Ohana4|Un gobierno extorsionable es un gobierno corrupto
josep80|Y Franco qué dice? Ah no. Que está muerto. Por eso pasan estas cosas en España. Y las que esperan...
conchalote96|@NewOrder #2 Cerrar Espero que la Federación Española se comporte como debe y no se presente a esta patochada... Completamente de acuerdo. Que la selección española no acuda y que la vasca se meta el premio por ahí mismo. Este es un antecedente muy peligroso. Y no tienen porqué obedecer órdenes de Moncloa.
Calvito|No entiendo que haya una selección de pelota vasca en España, ¿serán vascos? Porque a los demás nos interesan más los teletubbies
Nivaria77|@AFALEADOR #6 Cerrar Que un personaje sin escrúpulos, como Sánchez, esté desintegrando una nación con 2000 años de historia, sin que nadie haga nada por evitarlo, ratifica que la democracia española ha fracasado. y el rey?, para que sirve ?
Un_Pallares_Cualquiera|@Httph #204 Cerrar Es que es un deporte Vasco hombre! Porque le queréis quitar la gloria? Lo Justo es que jueguen con la selección vasca. Si la selección de España es un meme, formada por 6 vascos, un navarro vascofono y un catalán hijo de vascos. España es quien no pinta nada ahí Por tanto es ESPAÑOL. Lo demás, sobra. Sólo se es vasco o catalán cuando interesa usarse de sambenito, por ser los despreciables supremacistas que son ante los SUPERIORES HABLANTES DEL ESPAÑOL.
Un_Pallares_Cualquiera|@Mansell8 #225 Cerrar Mucho problema con los nacionalismos pero a Ayuso, que es la más nacionalista (madrileña), la aplaudís con las orejas. Jajaja. Sí, esto es algo que realmente me toca ciertas partes: la hipocresía que domina en este tema.
Un_Pallares_Cualquiera|@uno_que_pasaba #199 Cerrar @ Un_Pallares_Cualquiera # 191 obviamente, el siguiente paso es la segregación... Con ese menosprecio van incluso más deprisa hacia esa vía. Vamos, sigan con ello, que intentar mediar en estos temas parece ser algo digno de masocas como yo.
Un_Pallares_Cualquiera|@Izquierda_Ruina #221 Cerrar El peor enemigo de España son los propios españoles. La Historia sigue su curso. Fuimos dueños de medio mundo y actualmente somos una mier.... Los alemanes, frances, ingleses... se sienten orgullosos de lo que son, y se rien de nosotros, pero tranquilos... una cerveza, una tapa y una paguita lo arregla todo, mientras Sánchez destruyendo a España. Bravo por los españoles. Suena gracioso pues lo de la cerveza es uno de los lemas más clásicos de una líder contraria a éstos... En la misma línea, si no hay ese orgullo, echen un poco el ojo de dónde viene todo ello y qué queda de ello, que es bastante.
Un_Pallares_Cualquiera|@culturro #196 Cerrar @ Un_Pallares_Cualquiera # 185 esos nunca pidieron respeto, solo piden dinero. Esa es una de las muchas diferencias entre el electorado y la clase política. Nada más. En la práctica los primeros no reciben ni lo uno ni lo otro, el abandono de toda la Cataluña no metropolitana (donde domina el independentismo) es continuo precisamente por eso, aunque el independentismo falle estrepitosamente en mejorar dichas zonas aún resulta menos malo que las demás opciones que directamente pasan de considerarles.
erpoashico|@innodes #209 Cerrar @ walhal # 198 además de que lo dice el Estatuto de Euskadi, si hay algo que es una nación es Euskadi, lo son y se sienten nación. En la supuesta nación española, en cambio, un gran tanto por ciento no se siente español. No puedes tener mayor evidencia. Y Navarra se unirá en breve a la nación vasca, tal y como recoge la Constitución no serías capaz con toda probabilidad de escribir tu comentario en la lengua vasca.....fíjate si eres un españolazo, que segregas a tu propia lengua
Un_Pallares_Cualquiera|@uno_que_pasaba #201 Cerrar @ Un_Pallares_Cualquiera # 189 ¿No será porque el resto de Cataluña se está vaciando porque la gente se va a Barcelona y su área metropolitana? Si el resto ya tiene más representación de la que le tocaría por población. No, porque el trato que reciben es lamentable, se está atacando continuamente la actividad económica de dichos lares para supeditarla como sea a Barcelona, para así evitar que sus continuas imposiciones se frenen. En la práctica, por mucho que esa representación sea superior siempre ha sido irrelevante, como máximo han logrado que los golpes no hayan sido como los que recibe el pellejo de un tambor, pura mitigación. Al final Cataluña para el poder es Barcelona, el resto nunca ha contado sino como propiedad de ésta para su abuso.
MartaG|Llegados a este punto, ojalá España les meta una buena tunda
Mansell8|Mucho problema con los nacionalismos pero a Ayuso, que es la más nacionalista (madrileña), la aplaudís con las orejas. Jajaja.
JeanMoulin|@Httph #204 Cerrar Es que es un deporte Vasco hombre! Porque le queréis quitar la gloria? Lo Justo es que jueguen con la selección vasca. Si la selección de España es un meme, formada por 6 vascos, un navarro vascofono y un catalán hijo de vascos. España es quien no pinta nada ahí Y para qué quieren una selección vasca de pelota vasca si en la selección española de pelota vasca ya son todos vascos?.... Van a jugar vascos contra vascos. No te parece absurdo?....
Mansell8|Hay que prohibir que los vascos jueguen a un deporte que que que... han inventado ellos. Oh, wait!
pf2014|@innodes #209 Cerrar @ walhal # 198 además de que lo dice el Estatuto de Euskadi, si hay algo que es una nación es Euskadi, lo son y se sienten nación. En la supuesta nación española, en cambio, un gran tanto por ciento no se siente español. No puedes tener mayor evidencia. Y Navarra se unirá en breve a la nación vasca, tal y como recoge la Constitución Se sienten una nación pero al fin y al cabo no son otra cosa que una provincia española
Izquierda_Ruina|El peor enemigo de España son los propios españoles. La Historia sigue su curso. Fuimos dueños de medio mundo y actualmente somos una mier.... Los alemanes, frances, ingleses... se sienten orgullosos de lo que son, y se rien de nosotros, pero tranquilos... una cerveza, una tapa y una paguita lo arregla todo, mientras Sánchez destruyendo a España. Bravo por los españoles.
Javierlec|@innodes #209 Cerrar @ walhal # 198 además de que lo dice el Estatuto de Euskadi, si hay algo que es una nación es Euskadi, lo son y se sienten nación. En la supuesta nación española, en cambio, un gran tanto por ciento no se siente español. No puedes tener mayor evidencia. Y Navarra se unirá en breve a la nación vasca, tal y como recoge la Constitución Una nación en la que Bilbao fue fundada por un rey castellano. O Zarautz, Hondarribia...o Guernica. Es decir, fueron castellanos antes que Madrid. Nunca fueron una entidad política independiente: parte deCastilla, parte de Navarra...Nación inventada por Sabino Arana, y se lo han creído. More usted cualquier mapa antiguo en cualquier enciclopedia o museo del mundo y verá que nunca aparece lo que hoy se llama Euskadi. Verá usted León, Aragón, Castilla, Navarra...y luego España.
Por_Dios|@Cento #207 Cerrar Espero que los vascos abandonen las competiciones españolas, todas. y que abandonen España tambien
Por_Dios|@innodes #209 Cerrar @ walhal # 198 además de que lo dice el Estatuto de Euskadi, si hay algo que es una nación es Euskadi, lo son y se sienten nación. En la supuesta nación española, en cambio, un gran tanto por ciento no se siente español. No puedes tener mayor evidencia. Y Navarra se unirá en breve a la nación vasca, tal y como recoge la Constitución pues fuera de España y todos contentos. Arreando que es gerundio....
Por_Dios|Espero que ningún jugador español se presente al partido. Sería una deshonra total.
JCARLOS2010|Hombre, me alegra ver que el presidente se implica con los deportes minoritarios y apoya a España. Muy bien!
1234567890|La culpa será de los pelotaris( y nunca mejor dicho) q vayan a jugar de España.
gum290|Si el artículo está en castellano no entiendo por qué no ponéis País Vasco o Guernica.
Escepticismo|@Httph #204 Cerrar Es que es un deporte Vasco hombre! Porque le queréis quitar la gloria? Lo Justo es que jueguen con la selección vasca. Si la selección de España es un meme, formada por 6 vascos, un navarro vascofono y un catalán hijo de vascos. España es quien no pinta nada ahí ¿Deporte vasco jugar a la pelota? Juego anacrónico que sobrevivió en el noroeste peninsular, más bien. Cortar troncos o tirar de una cuerda también deben de ser inventos vascos según usted. Y la sidra, y el vino blanco... Ya puestos a mirarse el ombligo.
amundsana|En la Transición fueron demasiado generosos con los nacionalistas.
Nekanes|Por que tiene que jugar la elección española contra ese equipo comarcal que además está pagado con nuestros impuestos???
Equipe|¿El Rey no tiene nada para decir? ¿Acaso no es el Jefe del Estado?
innodes|@walhal #198 Cerrar @ Quetevotetxapapote # 151 Eso de las "nacionalidades históricas" es una patochada, porque esas regiones nunca han sido una nación ni una "nacionalidad". No pues comparar el caso con el del Reino Unido, porque Escocia SÍ es una Nación, pero Cataluña no, Cataluña es una región de una Nación (España). Por mucho que inventéis y repitáis una mentira 1000 veces, no podéis cambiar la historia. además de que lo dice el Estatuto de Euskadi, si hay algo que es una nación es Euskadi, lo son y se sienten nación. En la supuesta nación española, en cambio, un gran tanto por ciento no se siente español. No puedes tener mayor evidencia. Y Navarra se unirá en breve a la nación vasca, tal y como recoge la Constitución
DCi|Acojonante y ridiculo!
Cento|Espero que los vascos abandonen las competiciones españolas, todas.
Cento|@Un_Pallares_Cualquiera #193 Cerrar @ Weitnau # 169 Eso. Primero abusamos, luego cuando no nos sirven les tiramos por ahí mientras nos preguntamos qué hemos hecho para que reaccionen así. Eso, somos muy malos los españoles. Lo mejor que hacéis es LARGAOS, unas fronteras y punto. Nunca nos hemos llevado bien españoles y catalanes.
Alias1933|@Mi_yo #64 Cerrar Sinceramente, esperaría que los seleccionados españoles se negaran a jugar con Las Vascongadas, no queda otra. Es todo absurdo y ridículo. No es ridículo realmente, es alta traición de todos y cada uno de los votantes de izquierdas, y debe tratarse con la máxima seriedad. ¡Viva España cabronas!
Httph|Es que es un deporte Vasco hombre! Porque le queréis quitar la gloria? Lo Justo es que jueguen con la selección vasca. Si la selección de España es un meme, formada por 6 vascos, un navarro vascofono y un catalán hijo de vascos. España es quien no pinta nada ahí
aguiladescalza|"Divide y venceras".
LolaLola|SINVERGUENZAS.!!!
uno_que_pasaba|@Un_Pallares_Cualquiera #189 Cerrar @ qbm # 131 En efecto, el problema es que una de las partes apenas tiene margen para ello, son acogotados por defecto. Esa es la realidad del independentismo catalán y su voto cautivo, que ya notan como Illa poco menos que se está cachondeando de ellos mientras los pisotea para bien de su electorado metropolitano. Y es normal, electoralmente los primeros no pueden hacer prácticamente nada con una ley electoral que, tal y como está implementada, deja a Barcelona provincia cerca de los dos tercios de la cámara del Parlament, y aún se quejan por ello. ¿No será porque el resto de Cataluña se está vaciando porque la gente se va a Barcelona y su área metropolitana? Si el resto ya tiene más representación de la que le tocaría por población.
lerougeetlenoir|@EugenGoldstein #28 Cerrar El felón sólo merece una cosa: ser ejecutado al lado del golpista catalán por alta traición a España. eso es lo que tiene seguro no le va a pasar. Por verse impunes roban, traicionan y campan a sus anchas. Luego vendrà el pp a tapar y como si nada. Esa es nuestra desgracia. Todos son culpables de esta corrupdictadura
uno_que_pasaba|@Un_Pallares_Cualquiera #191 Cerrar @ javil # 184 Eso les da igual, hay que minimizar el nombre y que la selección sea UNA, como siempre. El que discrepe es "enemigo de España". obviamente, el siguiente paso es la segregación...
walhal|@Quetevotetxapapote #151 Cerrar Al igual que no existe una selección absoluta del Reino Unido oficialmente reconocida, puesto que sus cuatro países constitutivos cuentan con federaciones y selecciones propias (Escocia, Gales, Inglaterra e Irlanda del Norte), que compiten por separado en los campeonatos internacionales organizados por la FIFA y la UEFA, a mi me parecería bien que en el Reino de España también existieran las cuatro selecciones de las Nacionalidades Históricas. Eso de las "nacionalidades históricas" es una patochada, porque esas regiones nunca han sido una nación ni una "nacionalidad". No pues comparar el caso con el del Reino Unido, porque Escocia SÍ es una Nación, pero Cataluña no, Cataluña es una región de una Nación (España). Por mucho que inventéis y repitáis una mentira 1000 veces, no podéis cambiar la historia.
walhal|@javil #184 Cerrar " La selección de pelota de Euskadi celebra que se enfrentará a España por primera vez el 4 de junio gracias a Sánchez" FALSO. Lo que se celebra es competir internacionalmente. Espero ir a ver algunos partidos y si me coincide ver el enfrentamiento entre Euskadi y España, preferiré que gane Euskadi, pero aplaudiré los tantos bonitos de cualquier equipo, como siempre he hecho en pelota pues estarás ante una patochada, enhorabuena.
culturro|@Un_Pallares_Cualquiera #185 Cerrar @ im21 # 167 El problema es que para la lealtad hace falta respeto, algo que siempre ha fallado y era normal que fallase ante los desplantes del periodo anterior hacia estas zonas y sus residentes. esos nunca pidieron respeto, solo piden dinero.
lerougeetlenoir|Para España y los españoles lo q es el sumun es q paguemos todos via cupo vasco la vidorra q os pegàis...chiquitos.
Un_Pallares_Cualquiera|@Quetevotetxapapote #151 Cerrar Al igual que no existe una selección absoluta del Reino Unido oficialmente reconocida, puesto que sus cuatro países constitutivos cuentan con federaciones y selecciones propias (Escocia, Gales, Inglaterra e Irlanda del Norte), que compiten por separado en los campeonatos internacionales organizados por la FIFA y la UEFA, a mi me parecería bien que en el Reino de España también existieran las cuatro selecciones de las Nacionalidades Históricas. Eso no va a pasar con la perspectiva jacobina de muchos.
Un_Pallares_Cualquiera|@Weitnau #169 Cerrar Que asquito los de la "supremacía" , eso es lo que creen junto a sus amiguetes los cataulfos. Márchense ya de la España tan horrorosa que nunca les ha dado y da nada y les ha tenido tan oprimidos, pero con una mano adelante y otra; detrás. Ahhhh, y no vuelvan y mucho menos a pedir ayudas. Eso. Primero abusamos, luego cuando no nos sirven les tiramos por ahí mientras nos preguntamos qué hemos hecho para que reaccionen así.
Ofiusa|Y lo peor es que transferimos € 5.000 millones al año al país vasco
Un_Pallares_Cualquiera|@javil #184 Cerrar " La selección de pelota de Euskadi celebra que se enfrentará a España por primera vez el 4 de junio gracias a Sánchez" FALSO. Lo que se celebra es competir internacionalmente. Espero ir a ver algunos partidos y si me coincide ver el enfrentamiento entre Euskadi y España, preferiré que gane Euskadi, pero aplaudiré los tantos bonitos de cualquier equipo, como siempre he hecho en pelota Eso les da igual, hay que minimizar el nombre y que la selección sea UNA, como siempre. El que discrepe es "enemigo de España".
axel_axarkia|"Para nosotros es el sumun", reconoce el presidente de la Federación Vasca. For me, another day at the office.... cuestión de prioridades
Un_Pallares_Cualquiera|@qbm #131 Cerrar @ javil # 123 porque en el fondo hay una animadversión entre la gente, fomentada y dirigida por la clase política que en lo único que destaca, aparte de esto, es en medrar descaradamente En efecto, el problema es que una de las partes apenas tiene margen para ello, son acogotados por defecto. Esa es la realidad del independentismo catalán y su voto cautivo, que ya notan como Illa poco menos que se está cachondeando de ellos mientras los pisotea para bien de su electorado metropolitano. Y es normal, electoralmente los primeros no pueden hacer prácticamente nada con una ley electoral que, tal y como está implementada, deja a Barcelona provincia cerca de los dos tercios de la cámara del Parlament, y aún se quejan por ello.
Un_Pallares_Cualquiera|@Julos #147 Cerrar @ 55manu # 122 estás diciendo que los catalanes y vascos no son españoles? Hay alguien suficientemente español en España para ti oh gran oráculo que todo lo sabe y guardián de la españolidad? Pues lo cierto es que, por la parte catalana, todo lo que no es el área metropolitana no parece ser española más que para usarse de sambenito (muchas veces porque no se atreven con Barcelona, véase p.ej. lo de Sijena con el MNAC aún en el tema a diferencia de la acogotada Lleida por ello, también pasó lo mismo con los JJOO de invierno pirenaicos) o pasar por caja y esquilmarles a impuestos, porque lo que hacen los gobiernos estatales en Cataluña apenas pasa de hacerse por y para la ciudad condal. Vamos, normal que haya ese poco apego.
Un_Pallares_Cualquiera|@Usertask #154 Cerrar @ 19101469 # 3 La solucion democratica radica en que los españoles voten a la coalicion PP + VOX y consigan 176 escaños durante decadas a cuesta del resto de partidos. Lo cual no va a pasar porque si llegan al poder van a facilitar una reacción incluso superior de los demás porque, como puede imaginar, volveremos al modelo franquista excluyente que, en gran medida, es lo que ha favorecido esta situación.
Un_Pallares_Cualquiera|@Ex #160 Cerrar Mas madera Izarra, para que viertan odio e insultos los comentaristas de este panfleto, que por cierto se ha convertido en amarillista. Eso es lo que se busca, para que luego haya reacción y "que malos son". En cambio, atacar al porqué de ello no vende, pues eso les dejaría en muchos puntos como culpables.
Un_Pallares_Cualquiera|@im21 #167 Cerrar @ Chispazo # 19 Es lo que tiene la ingenuidad ... se hizo pensando en la lealtad ... lo que honra a los padres de la patria que la redactaron (desde comunistas hasta franquistas y en medio los centristas de Adolfo Suárez -UCD- ) ... pero no fue el camino de la lealtad el que se siguió. El problema es que para la lealtad hace falta respeto, algo que siempre ha fallado y era normal que fallase ante los desplantes del periodo anterior hacia estas zonas y sus residentes.
javil|" La selección de pelota de Euskadi celebra que se enfrentará a España por primera vez el 4 de junio gracias a Sánchez" FALSO. Lo que se celebra es competir internacionalmente. Espero ir a ver algunos partidos y si me coincide ver el enfrentamiento entre Euskadi y España, preferiré que gane Euskadi, pero aplaudiré los tantos bonitos de cualquier equipo, como siempre he hecho en pelota
BELASTEGI|@im21 #166 Cerrar @ Utopilitologo # 14 Y el mejor frontón ... en Madrid. Supongo que dependerá del gusto de cada cual. El Frontón Jai Alai de Gernika es frecuentemente considerado el mejor frontón del mundo, especialmente por los pelotaris, Anoeta el mejor para pelota mano y el Beti Jai de Madrid es antiguo bonito y singular.
javil|@im21 #166 Cerrar @ Utopilitologo # 14 Y el mejor frontón ... en Madrid. El Beti Jai es una preciosidad de edificio, pero de mejor frontón nada, si no está acondicionado (ni se espera) para jugar partidos profesionales de pelota vasca. Madrid pasa de la pelota
Javierlec|@Quetevotetxapapote #151 Cerrar Al igual que no existe una selección absoluta del Reino Unido oficialmente reconocida, puesto que sus cuatro países constitutivos cuentan con federaciones y selecciones propias (Escocia, Gales, Inglaterra e Irlanda del Norte), que compiten por separado en los campeonatos internacionales organizados por la FIFA y la UEFA, a mi me parecería bien que en el Reino de España también existieran las cuatro selecciones de las Nacionalidades Históricas. Y cuáles son esas "cuatro " nacionalidades históricas, según usted? Porque yo no las conozco. En principio los estatutos de autonomía de Cataluña, Euskadi y Galicia eran los únicos que así se denominaban, pero hoy en día también lo son, según sus estatutos de autonomía Aragón, Andalucía, Canarias...así que, ilumínenos, ¿ Qué cuatro nacionalidades? Y, por cierto, en atletismo sólo compite el Reino Unido, no cada nación. Al igual que en baloncesto, balonmano...
killo|@Anny #163 Cerrar Una traicion mas de las muchas que lleva echas este desarmado sin escrúpulos , y la fiesta la pagaremos el resto de Españoles , vomitivo es este personaje , solo se puede sentir desprecio por El uy sí! Menuda traición! Se va a jugar un partido de pelota, los de rojo contra los de azul. Estoy en un sin vivir. Lo de que la sanidad pública esté de pena, que los jóvenes no puedan independizarse etc. ya si eso pasan a un tercer plano
JeanMoulin|@im21 #173 Cerrar @ JeanMoulin # 68 Ellos son tan españoles como el que más ... y a la historia me remito. Por supuesto. Decía que el "sumun" sería que a lo que llaman ellos selección de Euskadi la ganara lo que llaman ellos selección de España (compuesta por 8 jugadores, 6 de ellos vascos...)
Curioseante|« La selección española masculina estará representanda por 6 jugadores vascos, un navarro y un catalán» xD
Usertask|Los ciudadanos del Pais Basco si quieren comer y seguir cobrando las pensiones tienen que saber que Iberdrola lleva a EEUU un plan de inversión de 20.000 millones a cinco años en redes de transporte y distribución. Esta empresa y el BBVA ya no hacen caso al NO-Gobierno de Pedro Sanchez. Mucha pelota y pocos huevos.
40554|Geacias Pedro Sánchez por dividir España para tu beneficio
Eliansito|La selección de pelotas, palmeros y paniagueros del felón, jaja
umbral2|@Korreynopares #148 Cerrar @ Fijoqueno # 143 no comparemos la España de las autonomías con el Reino Unido, nada que ver. Hace quinientos años ya que cuatro reinos se integraron en uno solo, incluyendoal de Navarra, y ahora llegan los listos y otra vez a las andadas. Eso que llamo Euskadi Sabino Arana jamas tuvo soberania propia. @Fijoqueno #143 Cerrar @ qbm # 131 acertado de pleno . No se si es que por ese mismo detalle que la gente no quiere verlo así, y al contrario ,lo que hace es dejarse llevar por el que dirán ,por las apariencias . En Reino Unido juegan entre ellos ,cierto ? . El deporte une ,y no al revés. Su comentario no esque revele la realidad siendo clasificador , es el miedo y rencor lo que no deja ver a los demás ese detalle . Un saludo y suerte ! GB es la union de varios Reinos. Comparalo con la UE pero no con España.
im21|@JeanMoulin #68 Cerrar "Para nosotros es el sumun". El "sumun" sería que les ganara España. Ellos son tan españoles como el que más ... y a la historia me remito.
im21|@almen_dros #57 Cerrar España no se debe de presentar, en todas las competiciones dónde jueguen ellos España no debe de estar presente Bien visto ... donde jueguen ellos ... España ya está suficientemente representada ...
im21|@ToujoursauContraire #36 Cerrar Lo lógico sería que jugara contra el País Vasco la selección del cantón de Cartagena o la del cantón de Alcoy. Eso sí que son nacionalidades históricas. Tal cual! ...
im21|@Mugarri #31 Cerrar Y como siempre, la TV publica española, que la pagamos todos, no retransmite los partidos de pelota, ni las regatas de traineras.... De acuerdo ... y mira que las traineras se lleva haciendo toda la vida desde Coruña a San Sebastián .. pasando por Castropol, San Esteban, Santoña, ... etc. etc. ... y mira que molan! ...
Weitnau|Que asquito los de la "supremacía" , eso es lo que creen junto a sus amiguetes los cataulfos. Márchense ya de la España tan horrorosa que nunca les ha dado y da nada y les ha tenido tan oprimidos, pero con una mano adelante y otra; detrás. Ahhhh, y no vuelvan y mucho menos a pedir ayudas.
im21|@pidoturno #27 Cerrar Espero que ningún español se presente a ese partido. Pues lo siento ... pero ellos sí ... o sea que algún español se presentará ...
im21|@Chispazo #19 Cerrar El peor error de nuestra democracia, crear 17 taifas tan insolidarias como despilfarradoras que jamás respondieron a ninguna realidad histórica las cuales consumen el 10% del PIB anual repletas de amigotes y militantes del partido de turno Es lo que tiene la ingenuidad ... se hizo pensando en la lealtad ... lo que honra a los padres de la patria que la redactaron (desde comunistas hasta franquistas y en medio los centristas de Adolfo Suárez -UCD- ) ... pero no fue el camino de la lealtad el que se siguió.
im21|@Utopilitologo #14 Cerrar La paella Valenciana, el cocido Madrileño, la morcilla de Burgos y la pelota VASCA. Y el mejor frontón ... en Madrid.
im21|@PeriodismoSinCensura #9 Cerrar lo mejor seria no reconocer esa liga de naciones y no participar como España... Efectivamente ... si quieren estar solos ... que lo estén.
im21|Yo les dejaría ganar por incomparecencia.
Anny|Una traicion mas de las muchas que lleva echas este desarmado sin escrúpulos , y la fiesta la pagaremos el resto de Españoles , vomitivo es este personaje , solo se puede sentir desprecio por El
canary2017|@DrLopez #22 Cerrar Estoy seguro que más de un vasco y más de una vasca ha tenido un orgamo con este tema. Ni en sus sueños más húmedos hubieran imaginado que esto llegaría a producirse. Qué pena y qué rabia de no poder hacer nada para quitar a estos impresentables y miserables del gobierno de este país."Quien pueda hacer,que haga"...pero ya!! o no habrá país.
Korreynopares|La reina católica estará que hierve dentro de su tumba.
Ex|Mas madera Izarra, para que viertan odio e insultos los comentaristas de este panfleto, que por cierto se ha convertido en amarillista.
italdoc5|Venga Pedrito, amaña la competición para que ganen los vascongados!!
100Datiles|España? contra una autonomía? y gracias a Pedro Sánchez, es que el País Vasco ya no es español , porque si es así yo no lo sabía. Pues tendremos que dejarnos ganar, porqué no sabemos que nos puede pasar................
cceress|Una región contra la selección de un país. Es como dos y dos son 5. Entre rojos y etarras todo es posible
Gaupason|Las apuestas están mil a uno por Euskadi
kilerlop1|Luego cuando esteis de viaje y tengais problema llamar a la embajada de euskadi o vascongadas
Usertask|@19101469 #3 Cerrar España tiene un grave problema territorial y con los Partidos Separatistas y en buena parte de debe a lo muy mal que se redactó la Constitución de 1978.Se hizo una Carta Magna entera para satisfacer y contentar a los enemigos de España, es decir a los partidos Separatistas y Nacionalistas. Esto no lo ha hecho ningún otro país del mundo. Se les dio todo lo que pedían. Diferenciar entre Nacionalidades y Regiones. No llamar Español al idioma de España. Se les dio las lenguas cooficiales. No se puso letra al himno de España pero luego los separatistas sí se la pusieron a sus Regiones. Se les dio todo un Estado de las Autonomías con casi todas las competencias. Se recuperaron los privilegios forales para el País Vasco y Navarra. Y por eso ahora somos un Estado Fallido donde un prófugo de la Justicia que quiere destruir España decide los designios de todos los españoles. O un Partido como Bildu, heredero de una banda terrorista, tiene en su mano la gobernabilidad de España. La solucion democratica radica en que los españoles voten a la coalicion PP + VOX y consigan 176 escaños durante decadas a cuesta del resto de partidos.
JeanMoulin|@LLR #111 Cerrar No comprendo como España puede jugar un partido contra estos vascos?. España no os presenteis a jugar este partido. La noticia me dan ganas de vomitar, seguro que si jugais vomitaré. BASTA YA DE CAGAROS SOBRE LA BANDERA DE ESPAÑA. Jugadores españoles no os dais cuenta que insultareis a ESPAÑA?. 6 de los 8 jugadores que son, resulta que son vascos. Es decir, van a jugar vascos contra vascos. El colmo del absurdo.
Tresforcas|Que ridículo, pero si así son felices pues muy bien.
Quetevotetxapapote|Al igual que no existe una selección absoluta del Reino Unido oficialmente reconocida, puesto que sus cuatro países constitutivos cuentan con federaciones y selecciones propias (Escocia, Gales, Inglaterra e Irlanda del Norte), que compiten por separado en los campeonatos internacionales organizados por la FIFA y la UEFA, a mi me parecería bien que en el Reino de España también existieran las cuatro selecciones de las Nacionalidades Históricas.
Criado|Es una vergüenza este gobierno en eso se hadtan el dinero comi en los cupos catalanes y Vascos. Nodotros pagandoles todo .ellos no colaboran con la hacienda de España y encima les pagamos esto ,y las pensiones.y todo para que un recoge toallas de club se pasee en falcón y nos roben miles de millones. Y los votantes de izquierda como locos tranquila
javil|@italdoc5 #137 Cerrar @ javil # 123 Que ganas tenemos en España, de separarnos de Vascongadas. No aportáis nada a los españoles pero influir sobre los demás, eso sí!! Pues votáis a partidos que defienden justo lo contrario
Korreynopares|@Fijoqueno #143 Cerrar @ qbm # 131 acertado de pleno . No se si es que por ese mismo detalle que la gente no quiere verlo así, y al contrario ,lo que hace es dejarse llevar por el que dirán ,por las apariencias . En Reino Unido juegan entre ellos ,cierto ? . El deporte une ,y no al revés. Su comentario no esque revele la realidad siendo clasificador , es el miedo y rencor lo que no deja ver a los demás ese detalle . Un saludo y suerte ! no comparemos la España de las autonomías con el Reino Unido, nada que ver. Hace quinientos años ya que cuatro reinos se integraron en uno solo, incluyendoal de Navarra, y ahora llegan los listos y otra vez a las andadas.
Julos|@55manu #122 Cerrar Para cuando se va a nombrar a Pedro Sánchez Pérez Castejón y demás, persona non grata, español no reconocido ya que el tira tanto a España, porque no se presenta a lehendakari o president de Cataluña estás diciendo que los catalanes y vascos no son españoles? Hay alguien suficientemente español en España para ti oh gran oráculo que todo lo sabe y guardián de la españolidad?
Indomito|Va a ocurrir lo mismo con el fútbol ? Por qué pienso que deberían tener su propia liga ya ¿ y comerse los mocos entre cuatro clubs .
italdoc5|Me gustaría ver en blanco sobre negro lo que aporta el cuponazo vascongado a España!!
breogann|Si tienen dignidad los Pelotaris seleccionados por España, que no se presenten al juego contra los vascos.
Fijoqueno|@qbm #131 Cerrar @ javil # 123 porque en el fondo hay una animadversión entre la gente, fomentada y dirigida por la clase política que en lo único que destaca, aparte de esto, es en medrar descaradamente acertado de pleno . No se si es que por ese mismo detalle que la gente no quiere verlo así, y al contrario ,lo que hace es dejarse llevar por el que dirán ,por las apariencias . En Reino Unido juegan entre ellos ,cierto ? . El deporte une ,y no al revés. Su comentario no esque revele la realidad siendo clasificador , es el miedo y rencor lo que no deja ver a los demás ese detalle . Un saludo y suerte !
pf2014|@Mugarri #31 Cerrar Y como siempre, la TV publica española, que la pagamos todos, no retransmite los partidos de pelota, ni las regatas de traineras.... Ni competiciones de lucha canaria, ni de bola canaria, ni de loita galega, ni de pelota valenciana, ni te tiro de reja, ni de caliche murciano, ni de picota, ni de....
italdoc5|Y quién pagará la fiesta? seguro que los españoles!!!
El_Tio_Calambres|España es un verdadero desastre y la única culpa es de los españoles. Tienen lo que merecen.
100Datiles|El gobierno de Pedro Sánchez, si se le puede llamar gobierno a esta panda, solo se preocupa de Cataluña y los vascos, los demas, procura fastidiarlos todo lo que puede, incluso en Asturias y castilla la mancha, dos autonomías del PSOE, las únicas, las demás todas , todas son del PP, incluso Cataluña, que el presidente es un socialista& separatistas, pero los que realmente manda es Puigdemon porque ERC va ha remolque.
italdoc5|Seguro que estos vascongados trampean con D. Pedro I el Cruel para amañar los resultados... Sería lo suyo!!
italdoc5|@javil #123 Cerrar A mí como vasco me agrada que Euskadi puede competir internacionalmente y más en un deporte tan vinculado a nosotros, no el enfrentarnos a España. No sé cómo se habrá hecho el que un jugador esté seleccionado por Euskadi o por España. En categoría masculina los representantes vascos de España no tienen la categoría de los que representan a Euskadi. En cambio en categoría femenina considero que las favoritas son las jugadoras vascas que representan a España. Me preocupa que hayan elegido representar a España pudiendo haber elegido competir por Euskadi, porque podrían quedar "señaladas" en su pueblo. Que ganas tenemos en España, de separarnos de Vascongadas. No aportáis nada a los españoles pero influir sobre los demás, eso sí!!
In_vigilando|Que partido más interesante... Lo van a ver ellos y sus familiares
macguti|Que vergüenza, Pedro, traidor!
JMJL|Piraros de una vez ...
55manu|@Cento #74 Cerrar @ Fegoms # 65 Allí hay secesionistas, federalistas, con federalistas, y ¿los españoles tenemos que aguantar a todas vuestras alternativas? ¿Por qué nos os vais a tomar...?, nos ponemos fronteras y ni un vasco crI min4l en España? Pero los vascos siguen vendiéndonos sus productos. Vascos no vengáis a España y no participéis en nada nuestro. Ellos venden sus productos, el culpable es quien se los compra.
senecaxv|@Pel1cano #102 Cerrar @ AFALEADOR # 6 España como nación no tiene 2000 años de historia. Como mucho tiene 500, porque por una parte "nación" es un concepto del siglo XIX, pero por otra desde los Reyes Católicos hay una unidad política continuada. 500 años no son poco, de hecho, son más que casi cualquier otra nación del planeta (con el permiso de Egipto, China y Japón, que sí tienen 2000 años de historia), así que no hace falta hinchar los números. : (2): Citas Egipto, China y Japon con 2000 años pero precisamente hace 2000 años Egipto era una provincia romana como Hispania, antes de eso ya tenía 3000 años de historia pero la trayectoria de los paises cambia. Tenemos los mismos argumentos para decir que Egipto tiene 2.000 años de historia que para decir que España los tiene.
qbm|@javil #123 Cerrar A mí como vasco me agrada que Euskadi puede competir internacionalmente y más en un deporte tan vinculado a nosotros, no el enfrentarnos a España. No sé cómo se habrá hecho el que un jugador esté seleccionado por Euskadi o por España. En categoría masculina los representantes vascos de España no tienen la categoría de los que representan a Euskadi. En cambio en categoría femenina considero que las favoritas son las jugadoras vascas que representan a España. Me preocupa que hayan elegido representar a España pudiendo haber elegido competir por Euskadi, porque podrían quedar "señaladas" en su pueblo. porque en el fondo hay una animadversión entre la gente, fomentada y dirigida por la clase política que en lo único que destaca, aparte de esto, es en medrar descaradamente
astegiano|ESPAÑA, ya está siendo un ESTADO FALLIDO.
55manu|Sánchez va a por el 36 Bis
javil|¿No es absurdo que Israel juegue competiciones europeas de fútbol y baloncesto, cuando son asiáticos?
Petuelos|Esos que dicen van a representar a España son colaboracionistas de esta farsa, ni que decir tiene que NO representan a España, porque un español se negaría en rotundo a formar parte de este esperpento. EUSKADI ES ESPAÑA, si quieren la independencia que ganen una guerra, ya está bien de pensar que las cosas son gratis.
Tom33|Lo interesante sería dar la independencia a esas provincias y ver cómo se apañan sin el dinero del resto del país y tenga por seguro que acabarán como Venezuela y cuba ya veremos cómo nos deshacemos de los parásitos
javil|@Marcos74 #96 Cerrar @ Hitz # 62 No compares. Inglaterra y Gales son naciones y vosotros no. Sois una comunidad autónoma de España, no una nación. ¡Lo comparable sería si Inglaterra jugara contra el Reino Unido, lo cual es absurdo!! ¿No es absurdo que en el Seis naciones de rugby la República de Irlanda e Irlanda del Norte compitan unidas
javil|@Marcos74 #96 Cerrar @ Hitz # 62 No compares. Inglaterra y Gales son naciones y vosotros no. Sois una comunidad autónoma de España, no una nación. ¡Lo comparable sería si Inglaterra jugara contra el Reino Unido, lo cual es absurdo!! ¿Y no es absurdo que Islas Feroe se enfrentase a Dinamarca en fútbol en 2021 en clasificatorio? ¿No es absurdo en rugby que representen a España jugadores que no tengan nacionalidad española? ¿No es absurdo que se de nacionalidad española a deportistas que no saben ni una palabra de castellano en baloncesto, esquí de fondo, natación para competir por España?
javil|A mí como vasco me agrada que Euskadi puede competir internacionalmente y más en un deporte tan vinculado a nosotros, no el enfrentarnos a España. No sé cómo se habrá hecho el que un jugador esté seleccionado por Euskadi o por España. En categoría masculina los representantes vascos de España no tienen la categoría de los que representan a Euskadi. En cambio en categoría femenina considero que las favoritas son las jugadoras vascas que representan a España. Me preocupa que hayan elegido representar a España pudiendo haber elegido competir por Euskadi, porque podrían quedar "señaladas" en su pueblo.
55manu|Para cuando se va a nombrar a Pedro Sánchez Pérez Castejón y demás, persona non grata, español no reconocido ya que el tira tanto a España, porque no se presenta a lehendakari o president de Cataluña
jorgito88|si el propio nombre lo dice, pelota vasca. No de chamberí ni carabanchel. Lo que demanda el lector es información de los conciertos del bernabeu, la reciente recalificación de terreno en Valdebebas, la incapacidad mental evidente de Florentino, el añito esperpéntico del real madrid,...
MalditosRoedores|Es otro paso mas en la ruptura de España, en eso de la inconstitucional plurinacionalidad, igual que el pufo​/cupo catalán. Otro golpe de Estado porque es la alteración de la Constitución ignorando su `espíritu` y las formas establecidas en ella para su modificación. Es otra muesca del cínico Sánchez y su Corrupsoe en su historia criminal contra los españoles; parece ser que lo habían pactado ya con el PNV para recibir su apoyo, ya sabemos que estos zurdos hacen estas cosas con mucho gusto, no les obligan, lo hacen porque les sirve a su objetivo, que comparten con los separatistas, golpistas y terroristas, que es destruir España, poco a poco, pero constantemente.
senecaxv|@Pel1cano #102 Cerrar @ AFALEADOR # 6 España como nación no tiene 2000 años de historia. Como mucho tiene 500, porque por una parte "nación" es un concepto del siglo XIX, pero por otra desde los Reyes Católicos hay una unidad política continuada. 500 años no son poco, de hecho, son más que casi cualquier otra nación del planeta (con el permiso de Egipto, China y Japón, que sí tienen 2000 años de historia), así que no hace falta hinchar los números. : A ver, 2000 años es excesivo y realmente España tiene 500 como nación o pais moderno. Pero la idea de España, Hispania o Spania es bastante anterior, proctcamente desde la caida del Imperio Romano. Aunque la Hispania visigoda no tenia el mismo territorio, la idea estaba ahí tal y como ellos mismos dejarosn por escrito, la Hispania musulmana tambien está ahí, a partir de un momento el Califato o los demas modelos de estado tenian una conciencia de pertenecer a Al-Andalus que es decir Hispania y los reyes cristianos que fueron resugiendo desde el siglo VIII tambien tenian esa idea de Hispania y sobre todo los reinos astures, leoneses, gallegos, navarros, castellanos o aragoneses casi siempre tuvieron en mente alcanzar la unión que al final "casi" fue pues siempre excepto en un pequeño periodo de tiempo faltaba Portugal.
55manu|@JeanMoulin #82 Cerrar @ Hitz # 62 No es lo mismo. En fútbol o rugby, juega Inglaterra, no Gran Bretaña. Alguien se imagina un partido entre Gran Bretaña e Inglaterra? Sería absurdo no? Pues un partido entre España y Euskadi es igualmente absurdo. Y más cuando en la selección de España juegan 6 jugadores vascos de 8... No tiene sentido alguno. Es que el gobierno de España también es un absurdo.
Zark_7|El inquilino de La Moncloa ha usado más vaselina en dos años que todos los que han pasado por las saunas del suegro en 30 años...
Zark_7|Qué es Euskadi? Una raza de perros de esos de la nieve? Me he comprado un cachorro de Euskadi...
Zark_7|Estado fallido. Gracias, Antonio.
cortamar|Qué banda estos pájaros, y encima les pagamos las pensiones y las sedes sociales.
Ma15|@Marcos74 #96 Cerrar @ Hitz # 62 No compares. Inglaterra y Gales son naciones y vosotros no. Sois una comunidad autónoma de España, no una nación. ¡Lo comparable sería si Inglaterra jugara contra el Reino Unido, lo cual es absurdo!! así es, en los juegos Olímpicos sólo hay una selección británica
Ma15|España tiene que desprenderse de estos parásitos, porque es un gasto de dinero y de energía insoportable. Se mantiene la frontera con Francia (Irún), y parte de Álava. Y que les vaya bien con su país.
LLR|No comprendo como España puede jugar un partido contra estos vascos?. España no os presenteis a jugar este partido. La noticia me dan ganas de vomitar, seguro que si jugais vomitaré. BASTA YA DE CAGAROS SOBRE LA BANDERA DE ESPAÑA. Jugadores españoles no os dais cuenta que insultareis a ESPAÑA?.
melisur91|También negociaran que España pierda siempre
55manu|No deberían acudir ningún pelotari español, a nivel de comunidades estaría bien, lo contrario no.
senecaxv|Lo mas lógico sería que la española se inscribiera como "Resto de España", para dejar bien claro que la Vasca también es española.
Javierlec|@Hitz #62 Cerrar Nada del otro mundo, Inglaterra e Irlanda del Norte, llevan disputando partidos internacionales, desde hace mucho tiempo y no pasa nada. Pero no juega Escocia, ni Inglaterra contra el Reino Unido, ni la región inglesa de West Midlands contra Inglaterra. ¿Entiende la diferencia o le parece demasiado complicado?
almen_dros|Si van , muy mal por la federación y muy mal por los jugadores
Coupe|Ante esta noticia increíble, sólo siento estupor y vergüenza ajena del actual gobierno central que tenemos
hondonero|Euskadi? Qué es eso?
racasmer|Culpables número 1 Sanchez, capaz de cualquier cosa, culpables número 2 los jugadores "españoles" que se prestan a esa abominación, ni hambriento quiero ese dinero mugriento.
Pel1cano|@AFALEADOR #6 Cerrar Que un personaje sin escrúpulos, como Sánchez, esté desintegrando una nación con 2000 años de historia, sin que nadie haga nada por evitarlo, ratifica que la democracia española ha fracasado. España como nación no tiene 2000 años de historia. Como mucho tiene 500, porque por una parte "nación" es un concepto del siglo XIX, pero por otra desde los Reyes Católicos hay una unidad política continuada. 500 años no son poco, de hecho, son más que casi cualquier otra nación del planeta (con el permiso de Egipto, China y Japón, que sí tienen 2000 años de historia), así que no hace falta hinchar los números.
Dluck|Nada me puede resultar más indiferente que un partido de Pelota, nada.
7River_|Una infamia más del indigno gobierno del perverso Sánchez que, poco a poco, y con la legalidad por delante, sitúa a España en una insoportable situación de colonia del separatismo vasco y catalán que si antes nos asesinaban, luego nos despreciaban y ahora nos explotan y disfrutan de injustos privilegios ante el silencia cómplice de unos y la mirada embobada de muchos. Son demasiadas canalladas y la sociedad no quiere reaccionar. Estamos perdiendo todas las batallas ante el independentismo y finalmente, perderemos el combate que, por otro lado, estamos pagando los de pringaos de siempre¿
zorin|Me parece muy bien. Conozco vascos que son independentistas y otros que no son tanto, pero para la suyo los mejores. Vamos con el futbol y que el Athletic Club de Bilbao, la Real Sociedad y el Alavés monten su liga. La puntita nada más no puede ser.
canary2017|@NewOrder #2 Cerrar Espero que la Federación Española se comporte como debe y no se presente a esta patochada... Ya verá que no,para eso sí son "españoles"...y no deciden ,lo decide el gobierno que es quien mantiene a esa federación...a bajarse los pantalones. Qué pena de país se está quedando
FlyRobinFly|Sánchez lo que quisiera es provocar otra guerra civil. Para ello va tomando una serie de pasos, este es solamente uno de ellos y bastante inocuo si me preguntan. Peores cosas está haciendo y hará
Marcos74|@Hitz #62 Cerrar Nada del otro mundo, Inglaterra e Irlanda del Norte, llevan disputando partidos internacionales, desde hace mucho tiempo y no pasa nada. No compares. Inglaterra y Gales son naciones y vosotros no. Sois una comunidad autónoma de España, no una nación. ¡Lo comparable sería si Inglaterra jugara contra el Reino Unido, lo cual es absurdo!!
Marcos74|¡Que vergüenza! No quiero ni vascos ni catalanes en España. Fuera YA!!
TrueOrFalse|Patético...
davidc_r|Lo de Pinocho con tal de seguir en la Moncloa es de película
isanfa|Que el equipo que representa a España no se presente.
Fijoqueno|@AFALEADOR #6 Cerrar Que un personaje sin escrúpulos, como Sánchez, esté desintegrando una nación con 2000 años de historia, sin que nadie haga nada por evitarlo, ratifica que la democracia española ha fracasado. ni había leído tal necedad en años ,ni en ningún panfleto casual . Vive uds en Retro -grado., y no es una ciudad Lituana ...
Fijoqueno|@Mugarri #31 Cerrar Y como siempre, la TV publica española, que la pagamos todos, no retransmite los partidos de pelota, ni las regatas de traineras.... lo retransmitían por la 2 . Ahora ,como el dinero es poco... ,y se ha administrado bien .... pues no hay tv. Tiene preferencia sus bocas ,sus cervezas, las p... y sus fincas en Bolivia
Pirulas3|@Fegoms #58 Cerrar @ Madison # 42 Antes de escribir es conveniete ver la deficiación del término "Nación" en el Diccionario de la RAE:1- Conjunto de los habitantes de un país regido por el mismo Gobierno. 2-Conjunto de personas de un mismo origen y que generalmente hablan un mismo idioma y tienen una tradición común." Por ejemplo, se puede decir "La gran nación apache", como decían en la películas del Oeste, igual que se puede hablar de naciones vasca, kurda o tirolesa, todas repartidas entre varios estados. Sí, la deficiación, o la defecación. Puestos a decir chorradas...
Pirulas3|@Hitz #62 Cerrar Nada del otro mundo, Inglaterra e Irlanda del Norte, llevan disputando partidos internacionales, desde hace mucho tiempo y no pasa nada. Sí, sobre todo con Gran Bretaña. Buen nogal.
Pirulas3|@Fegoms #65 Cerrar No todos tienen el mismo concepto de España. Aquí hay secesionistas, pero también federalistas o incluso confederalistas. Todo tan respetable como los que creen en aquella definición falangista, pelín cursi, de la "Unidad de destino en lo universal". En fin, ni durante la gloriosa época de nuestro ínclito Caudillo hubo tal unidad. Hoy, el País Vasco es 95% independiente y la presencia del estado es tan anecdótica e invisible que allí la mayoría de la gente ya ni quiere la independencia total y formal, que solo apoya el 19% de la población, según publicó este mismo diario el pasado 26-nov. No está mal así, después de tanta tragedia, pero quien quiera pelearse por la conciliación de los saldos contables que empiece cuando le de la gana. Y para martener a los yayos. Que las nueces sigan dando...
krokodile|Totalmente surrealista.
Madison|@Fegoms #58 Cerrar @ Madison # 42 Antes de escribir es conveniete ver la deficiación del término "Nación" en el Diccionario de la RAE:1- Conjunto de los habitantes de un país regido por el mismo Gobierno. 2-Conjunto de personas de un mismo origen y que generalmente hablan un mismo idioma y tienen una tradición común." Por ejemplo, se puede decir "La gran nación apache", como decían en la películas del Oeste, igual que se puede hablar de naciones vasca, kurda o tirolesa, todas repartidas entre varios estados. Antes de escribir es conveniente buscar la diferencia entre comunidad autónoma y nación. Un saludo.
SeremosChinosPorSerMongoles|@Madison #40 Cerrar @ NetanYahoooo # 33 piel fina? Si le parece poca cosa que se eleve a nación al equipo de una omunudad autónoma es su problema. Algunis tragáis con todo. Una cosa es tragar y otra que me importe un bledo, os buscan y os os encuentran, si no ¿Por qué le dan bombo en este diario? Pues eso como si en el Gara ponen una noticia diciendo que le han comprado traje nuevo a la cabra de la legión. Ya sabemos que buscan, provocación y caéis como moscas.
Boficele|Ésta barbaridad es legal ya que la propicia un gobierno que cuenta con mayoría de votos entre propios y aliados. La reflexión es más triste si pensamos que son una mayoría de votantes los que no creen en España y están dispuestos a admitir la superioridad y hegemonía de otras autonomías respecto a la suya propia. Cuesta trabajo sentirse integrado en una sociedad cuya mayoría de integrantes piensa así¿.
JeanMoulin|@Hitz #62 Cerrar Nada del otro mundo, Inglaterra e Irlanda del Norte, llevan disputando partidos internacionales, desde hace mucho tiempo y no pasa nada. No es lo mismo. En fútbol o rugby, juega Inglaterra, no Gran Bretaña. Alguien se imagina un partido entre Gran Bretaña e Inglaterra? Sería absurdo no? Pues un partido entre España y Euskadi es igualmente absurdo. Y más cuando en la selección de España juegan 6 jugadores vascos de 8... No tiene sentido alguno.
pepepelotas|España creo que no debe de participar en este blanqueamiento. Si quieren selecciones que jueguen ellos sus ligas exclusivamente en todos los deportes
Cecebre1|Gane quien gane, el partido lo ganara España.
epu|Los narcotraficantes también están de celebraciones y algo me dice que se debe a la misma persona.
Cento|@Fegoms #58 Cerrar @ Madison # 42 Antes de escribir es conveniete ver la deficiación del término "Nación" en el Diccionario de la RAE:1- Conjunto de los habitantes de un país regido por el mismo Gobierno. 2-Conjunto de personas de un mismo origen y que generalmente hablan un mismo idioma y tienen una tradición común." Por ejemplo, se puede decir "La gran nación apache", como decían en la películas del Oeste, igual que se puede hablar de naciones vasca, kurda o tirolesa, todas repartidas entre varios estados. Los vascos nunca habéis sido españoles, no vengamos con chorradas, solo sois una panda de violentos a traición que nos queréis vender vuestra m... No vengáis a España, oléis a sangre.
Cento|@Fegoms #65 Cerrar No todos tienen el mismo concepto de España. Aquí hay secesionistas, pero también federalistas o incluso confederalistas. Todo tan respetable como los que creen en aquella definición falangista, pelín cursi, de la "Unidad de destino en lo universal". En fin, ni durante la gloriosa época de nuestro ínclito Caudillo hubo tal unidad. Hoy, el País Vasco es 95% independiente y la presencia del estado es tan anecdótica e invisible que allí la mayoría de la gente ya ni quiere la independencia total y formal, que solo apoya el 19% de la población, según publicó este mismo diario el pasado 26-nov. No está mal así, después de tanta tragedia, pero quien quiera pelearse por la conciliación de los saldos contables que empiece cuando le de la gana. Lo que quieren es seguir vendiéndonos sus productos y aprovecharse de los españoles. FUERA vascos sangrientos de España.
Cento|@Hitz #62 Cerrar Nada del otro mundo, Inglaterra e Irlanda del Norte, llevan disputando partidos internacionales, desde hace mucho tiempo y no pasa nada. Pero Irlanda, Gales, Escocia no participan en la liga inglesa. Los vascos no deberían participar en nada español, y los impuestos que generan los productos vascos se deben pagar en España. Y los vascos no deberían participar en foros españoles , ni utilizar el idioma español. Fuera todos los violentos cobardes de España.
JeanMoulin|"La selección española estará representada por 6 jugadores vascos, un navarro y un catalán". Y cómo es esto? Los vascos de la selección española no se sienten vascos o son jugadores deshechados por la selección vasca?... Al final van a jugar vascos contra vascos. Qué torneo de "naciones" es ese?... Menudo esperpento...
Cento|@Fegoms #65 Cerrar No todos tienen el mismo concepto de España. Aquí hay secesionistas, pero también federalistas o incluso confederalistas. Todo tan respetable como los que creen en aquella definición falangista, pelín cursi, de la "Unidad de destino en lo universal". En fin, ni durante la gloriosa época de nuestro ínclito Caudillo hubo tal unidad. Hoy, el País Vasco es 95% independiente y la presencia del estado es tan anecdótica e invisible que allí la mayoría de la gente ya ni quiere la independencia total y formal, que solo apoya el 19% de la población, según publicó este mismo diario el pasado 26-nov. No está mal así, después de tanta tragedia, pero quien quiera pelearse por la conciliación de los saldos contables que empiece cuando le de la gana. Allí hay secesionistas, federalistas, con federalistas, y ¿los españoles tenemos que aguantar a todas vuestras alternativas? ¿Por qué nos os vais a tomar...?, nos ponemos fronteras y ni un vasco crI min4l en España? Pero los vascos siguen vendiéndonos sus productos. Vascos no vengáis a España y no participéis en nada nuestro.
NanodP|@Hitz #62 Cerrar Nada del otro mundo, Inglaterra e Irlanda del Norte, llevan disputando partidos internacionales, desde hace mucho tiempo y no pasa nada. El caso no es extrapolable. Inglaterra es una nación de las constituyente del Reino Unido (que va camino de ser Reino Hundido). En España solamente hay una nación, a saber, la española.
NanodP|Joseba, reportero de medio pelo, deberías usar topónimos en español cuando escribes en español. Cuando escribas en vascuence, usa lo que te salga del níspero. Gracias.
Cento|Espero que los equipos vascos no participen en las competiciones españolas y los vasos no puedan participar en las selecciones españolas. Aunque lo mejor es que ningún vasco pueda venir a España. Mejor una España, sin violentos vascos traicioneros. ¿Necesitamos a los vascos los que te hacen cosas en la cabeza?
JeanMoulin|Y los vascos franceses, pueden apuntarse a la selección de Euskadi?...
CuestioNando|En algo hemos avanzado. Antes te mataban o te llamaban español como si fuera un insulto. Ahora quieren tener el honor de jugar contra un equipo llamado Ëspaña, llenar un pabellón de gritos, himnos y cánticos independentitas...Hay que reconocer el mérito de los políticos vascos en dar carnaza para la plebe. Eso sí, de su gestión, mejor no hablemos.
JeanMoulin|"Para nosotros es el sumun". El "sumun" sería que les ganara España.
Boson|La próxima competición, cuál será, levantar piedras?
cyndre|@pidoturno #27 Cerrar Espero que ningún español se presente a ese partido. Se presentarán porque les pagan por ello y hay que pagar facturas.
Fegoms|No todos tienen el mismo concepto de España. Aquí hay secesionistas, pero también federalistas o incluso confederalistas. Todo tan respetable como los que creen en aquella definición falangista, pelín cursi, de la "Unidad de destino en lo universal". En fin, ni durante la gloriosa época de nuestro ínclito Caudillo hubo tal unidad. Hoy, el País Vasco es 95% independiente y la presencia del estado es tan anecdótica e invisible que allí la mayoría de la gente ya ni quiere la independencia total y formal, que solo apoya el 19% de la población, según publicó este mismo diario el pasado 26-nov. No está mal así, después de tanta tragedia, pero quien quiera pelearse por la conciliación de los saldos contables que empiece cuando le de la gana.
Mi_yo|Sinceramente, esperaría que los seleccionados españoles se negaran a jugar con Las Vascongadas, no queda otra. Es todo absurdo y ridículo.
Steve|España no debería presentarse
Hitz|Nada del otro mundo, Inglaterra e Irlanda del Norte, llevan disputando partidos internacionales, desde hace mucho tiempo y no pasa nada.
Fiscal_General_Jaimito|Otro pago más para que pueda sobrevivir Sánchez.
Josh_Rod|Yo sugiero que se presente la selección de Navarra a jugar contra ellos. También La Rioja y Murcia.
leyendo47|Yo no jugaría
Fegoms|@Madison #42 Cerrar En un torneo de naciones juegan eso mismo, naciones, no comunidades autónomas por separado, a las que se encumbra y se pone al nivel de una nación soberana. ¿No hay ya una liga nacional de pelota? Menudo esperpento. A Sánchez se le ha ido la pinza.. Antes de escribir es conveniete ver la deficiación del término "Nación" en el Diccionario de la RAE:1- Conjunto de los habitantes de un país regido por el mismo Gobierno. 2-Conjunto de personas de un mismo origen y que generalmente hablan un mismo idioma y tienen una tradición común." Por ejemplo, se puede decir "La gran nación apache", como decían en la películas del Oeste, igual que se puede hablar de naciones vasca, kurda o tirolesa, todas repartidas entre varios estados.
almen_dros|España no se debe de presentar, en todas las competiciones dónde jueguen ellos España no debe de estar presente
Hito|Que dejen tranquilos a esos cavernicolas con sus troncos, hachas y serpientes.
Indomito|Y la selección española por qué se presta a semejante pantomima ?
Pirulas3|@Mugarri #31 Cerrar Y como siempre, la TV publica española, que la pagamos todos, no retransmite los partidos de pelota, ni las regatas de traineras.... Ni los troncos ni las hachas...
Peacemakerr|Espero que ningún jugador de España se presente a jugar... por DIGNIDAD. Ya se que a los jugadores vascos se la pela. .
Baluarte25|@19101469 #3 Cerrar España tiene un grave problema territorial y con los Partidos Separatistas y en buena parte de debe a lo muy mal que se redactó la Constitución de 1978.Se hizo una Carta Magna entera para satisfacer y contentar a los enemigos de España, es decir a los partidos Separatistas y Nacionalistas. Esto no lo ha hecho ningún otro país del mundo. Se les dio todo lo que pedían. Diferenciar entre Nacionalidades y Regiones. No llamar Español al idioma de España. Se les dio las lenguas cooficiales. No se puso letra al himno de España pero luego los separatistas sí se la pusieron a sus Regiones. Se les dio todo un Estado de las Autonomías con casi todas las competencias. Se recuperaron los privilegios forales para el País Vasco y Navarra. Y por eso ahora somos un Estado Fallido donde un prófugo de la Justicia que quiere destruir España decide los designios de todos los españoles. O un Partido como Bildu, heredero de una banda terrorista, tiene en su mano la gobernabilidad de España. Toca redefiniendo este pais. España que sea lo que quieran los españoles, y si alguien se quiere separar que se vaya.
ibizo|Cuando llegue el momento, que se presente la selección de Canarias. Que rabien esas hienas .
JAU|Yo haría que cuando tengan que jugar un partido entre la selección de las Vascongadas y la selección española, por el lado de España se presenten a competir Pedro Sánchez, Félix Bolaños, Oscar López, Fernando Grande Marlaska y Oscar Puente, porque están acostumbrados a tocar(se) las pelotas, por lo que son auténticos profesionales del asunto.
ibizo|@Mugarri #31 Cerrar Y como siempre, la TV publica española, que la pagamos todos, no retransmite los partidos de pelota, ni las regatas de traineras.... Todos menos los vascos ; que en lugar de poner dinero, os lo lleváis.
Chipironet|Ohhhh que emoción! Donde lo televisan para no coincidir con tamaño evento?
Deckar1|Que gran logro! Era el problema mas acuciante del pais y ya esta solucionado. Gracias Ssnchez
curval|@NetanYahoooo #33 Cerrar Pero que piel mas fina tiene la gente aquí y luego dicen de los millenials, si sois igualitos... y tú qué listo eres.
ibizo|Hasta que EL PSOE no destruya España, no va a parar. Es su objetivo histórico, ese ...y robar hasta que no quede nada.
Paterson|La pasta, humillaciones, y sobre todo, víctimas, que nos hubiésemos ahorrado si a esta gente se les hubiese reconocido la independencia. Esto ellos no lo quieren, es de boquilla. La prueba es que aprovechan para desangrar al resto, en el más amplio sentido de la palabra. Pero todos los gobiernos han mordido el anzuelo y así estamos
curval|@estomesuena #25 Cerrar Hala, ya tienen juguetito para izar banderitas británicas para daltónicos, cantar himnos carlistas y ponerse chapelas con dos rabitos (pe-ne-en-uve). ¡La cuenta! Ahora queda decidir que deportista es vasco-vasco, mestizo o, simplemente, representante de una raza inferior. ¡Y que no pierdan, porque entonces también la tenemos armada! el mayor enemigo del carlismo es el nacionalismo, es decir, la creación de los liberales. Estudie usted antes de soltar esa gansada.
Madison|En un torneo de naciones juegan eso mismo, naciones, no comunidades autónomas por separado, a las que se encumbra y se pone al nivel de una nación soberana. ¿No hay ya una liga nacional de pelota? Menudo esperpento. A Sánchez se le ha ido la pinza..
ibizo|España no debe presentarse.
Madison|@NetanYahoooo #33 Cerrar Pero que piel mas fina tiene la gente aquí y luego dicen de los millenials, si sois igualitos... piel fina? Si le parece poca cosa que se eleve a nación al equipo de una omunudad autónoma es su problema. Algunis tragáis con todo.
Madison|Sánchez y el pago de votos que se extiende al infinito...
Madison|Otra sanchada más. Euskadi no es una nación y no viene a cuento que participe en un torneo de naciones.
EnFrancia|Según el cartel eso es la Nations League... Algo no casa. El País Vasco (antiguas Provincias Vascongadas creadas en Madrid) no es una nación, ni un país, ni un territorio histórico ni nada parecido. Es una región, división administrativa creada junto con tantas otras para facilitar la administración del país, España (una creación burocrática)
ToujoursauContraire|Lo lógico sería que jugara contra el País Vasco la selección del cantón de Cartagena o la del cantón de Alcoy. Eso sí que son nacionalidades históricas.
Un_segarro_amego|Espero que solo se presenten a este partido los españoles de Euskadi.
grease|¿Y qué tal si la selección española se niega a jugar ese esperpento? Problema solucionado.
NetanYahoooo|Pero que piel mas fina tiene la gente aquí y luego dicen de los millenials, si sois igualitos...
dalla|Bravo, tribu contra tribu. Las naciones primeras, como dicen. Pobresamos adecuadamente.
Mugarri|Y como siempre, la TV publica española, que la pagamos todos, no retransmite los partidos de pelota, ni las regatas de traineras....
antirojillos|La selección española debería renunciar a jugar ese partido, espero que así sea.
alaremanguille|El señor articulista miente y lo sabe, porque él, antiguo periodista en Egin, sabe que la de pelota no es la primera selección nacional vasca. Y a los foreros, pues que os toméis un omeprazol.
EugenGoldstein|El felón sólo merece una cosa: ser ejecutado al lado del golpista catalán por alta traición a España.
Nickback|Hay que reconocer que el coche es el más bonito...
Wintermute|@Augustus_max #4 Cerrar Alonso, no llegas ni a la suela de los zapatos de Hamilton! Viejo llorón, retírate ya de una vez! me parece que el que no le llega ni a la parte milimétrica inferior de la suela de los zapatos de Alonso eres precisamente tú. Don Nadie.
cruzdiablo|Alonso, eres el mejor y con un coche mediocre llegaste séptimo y el británico 11. Los progres te odian..Porque no le ríes las gracias al Dictador Sanchinflas el Pintamonas mundial...
Augustus_max|Alonso, no llegas ni a la suela de los zapatos de Hamilton! Viejo llorón, retírate ya de una vez!
Augustus_max|Alonso, estás acabado! Retírate y salva el poco honor que te queda! Llorón!
Pau10|Paquete Alonso...Fin.
Nickback|Hay que reconocer que el coche es el más bonito...
