LucioVoreno|Como buena fontanera, una vez pillada dirá que no es encargada de nadie. Los oficiales de las SS llevaban cianuro en el hueco de una muela. Hoy con negarlo en una comisión de investigación que no vale para nada, se queda en que todo es un bulo de las derechas y tal. Un bulo volando.
Minombreyapellido|Todo lo que está psoeando es suficiente para que el gobierno fuera fulminado al momento.
Raquel20_21|Pretendían erradicar la prensa como contrapoder, y gracias a medios y periodistas valientes todo va saliendo a la luz. Qué gentuza se nos ha colado en el poder, no se merecen que nadie los vote nunca más hasta que expulsen al One y sus rastreros acólitos. Venga, ahora que salgan la tropa de bots de Ferraz a insultar y difamar a la oposición.
fgourie20|Pues eso. De la Vega de Pas, y anormal profunda. Qué culpa tendrán sus convecinos.
55manu|@TONGOYS #292 Cerrar Pero esta pájara no es la madre de Begoña. Es clavadita. Hace buena pareja con su marido, porque este no es un adonis precisamente, y cara de muy listo no tiene, de corrupto si y de algo más.
EmmaBovary|Tíñete también el bigote, anda, que queda feo
55manu|@camanino1 #298 Cerrar La cara es el espejo del alma. pues como tendra el toto, la pelleja esta.
lali|Corruptos y mafiosos no dejan de salir a la palestra. Esto ya no puede ser. Garrapatas asidas al poder abusando del pueblo.
camanino1|La cara es el espejo del alma.
Yaro|La enésima corrupta socialista. Y van... Sin duda trabajan por el bien común de todos los españoles, cuando les quede tiempo de sus chanchullos corruptos para saquear las arcas del estado e impedir a jueces y policías que les juzguen como lo que son: delincuentes.
prf|@TelemacoAD #3 Cerrar Dignificar la democracia? Que sinvergüenza, y que poca vergüenza los votantes de esta panda así es, se tiene este gobierno, porque sus votantes, piensan, hacen y trasmiten lo mismo. Que nos permiten ser unos sinvergüenzas, pues adelante.
lictor22|Marujon verbenero
elrealista|La verdad que cara de muy inteligente no tiene, pero para ser fontanera del PSOE de Sanchez les vale cualquiera, con el primer resquito les vasta ser corrupta en potencia y arrastrarse lo que haga falta . Valla joya de Museo de Cera para enmarcarla para la posteridad.
merendolo|Pero, ¿ cómo puede conseguir esta mujer ser tan fea ?
TONGOYS|Pero esta pájara no es la madre de Begoña. Es clavadita.
Atomico|Pues te digo yo que el peluquero o la peluquera se han pegado un buen curro para disimular su cara de cateta chupóptera.
oscaran3047|Y no pasa NADA. La corrupción PSOEtarra inunda todas las instituciones y la gente tan tranquila.
01010101|Los hemos pillado, otra vez. L. Díez, si se atreve a decir que puede interceder ante el Fiscal General por algo es. Naturalmente el gobierno a decir que "casi" ni la conoce.
Jjsusovick|Leire no está en nómina, se le paga en negro y en un sobre que recoge en Ferraz en efectivo. Las cuentas las lleva Bárcenas, creo.
Ciertamente_circunspecto|Ya que se le ha denunciado ya a esta mujer guapa y trabajadora, digo que yo que no será tan complicado que el juez de instrucción recabe el listado completo de llamadas de esta señora en el último año. Unas cuantas serán a Su Sanchidad.
Kierkegaard|@Romrom #16 Cerrar Estoy seguro de que esta fontanera del PSOE quería cargarse al Teniente Coronel de la UCO por su cuenta propia y sin haberlo consultado, ni pedido permiso, ni comentado con aquellos para quienes trabaja, ni recibido instrucción alguna y sin conocimiento por parte de sanchez (como no lo tenía con el enchufe del hermano) ni de bolaños. Es una persona que iba por libre y en el PSOE no sabían nada, ni lo consentían, ni lo compartían. Es más, seguro que sanchez da instrucciones al fiscal general y a la abogacía del Estado para querellarse contra ella, por conspirar contra las fuerzas y cuerpos de seguridad del Estado. Espero ansioso que hoy mismo dé una rueda de prensa para explicar todo esto Efectivamente, una loba solitaria.
Juannadieracso|Por favor, sólo pido una cosa, que algún día, sólo con pulsar un botón, pueda ir al primer comentario para poder revisarlos todos en orden, y no tener que dar doscientas veces para atrás en el "MÁS COMENTARIOS"
Atomico|"...Feminista. Educando en igualdad..." Osea, vividora de lo público y si es posible robando igual que todos. Y luego presumirá de "educadora"... ¿De qué? ¿De futuros mafiosos totalitarios? Mucho feminismo, pero al final a hacer el trabajo sucio del jefe a cambio de lo que sea, mientras el no se pringa. Feminismo así no quiero.
Juanfelipe|@Joaquin1 #271 Cerrar @ Juanfelipe # 175 art. 464, 1 Código Penal ¿Cómo dice?
Mikel1971|Solo hay que ver la cara que tiene esta ser vivo, aparte de picó agraciada desagradable...
Ciertamente_circunspecto|Lo del watergate es un chiste comparado con estas chapuzas. Y no pasa nada.
Ciertamente_circunspecto|Qué atractivo tiene esta señora y qué pinta tiene de haber trabajado duro. Su único trabajo habrá requerido unas buenas rodilleras.
Ciertamente_circunspecto|Qué guapa es esta señora.
pacodeasis2|Luego lo que nonhay es para pensiones y convencen a los jóvenes de ello
Atomico|Si es que no valen ni para chantajear... Me duele cada euro que cobran de mis impuestos, pero luego para las cosas de verdad nunca hay pasta. Una pena que no se lleven ciertas "tradiciones" de la Revolución Francesa.
CiudadanoMedio2012|Cada vez queda mas claro que no vinieron para solucionar los problemas de los españoles, sino para robar y permanecer en el poder a toda costa.
marrinton|Se fuerte Leire, tienes los hu*vos morenos del one en tus manos. Te dará lo que quieras, salvo si te condenan. Pero tu familia nunca pasará hambre, paga España. Anda que no hay empresas públicas con latisueldos, de los que ya has disfrutado aunque ahora en el PSOE no te conozcan ni tus jefes.
porenes55|Hay que aforarla con carácter de urgencia.. se lo merece!!!
LaliSevilla|Espero que la tipa dé con su cara de cemento en la cárcel (ella y su banda)
mariateal|Mucho sueldo para que todos sus compis digan que no la conocen.....manda mucho, periodista ??????? De nuevo, una y otra vez, nos toman por tontos y tontos seremos si seguimos defendiendo y votando lo indefendible.
Joaquin1|@Juanfelipe #175 Cerrar @ Joaquin1 # 165 ¿En qué delito dices que ha incurrido esa Leire Diez? art. 464, 1 Código Penal
Chuloide|@228dead #235 Cerrar jose maría olmo periodista del digital de la extrema derecha el confidencia ha sido acusado susceptiblemente por el abogado que ha sido espiado en este affaire como el que le ha puesto micrófonos en su despacho, mmm, esto se pone interesante, porque publicar conversaciones privadas de abogados con sus clientes es un delito grave de prisión y espero que así sea con qué cliente estaba? Sobre qué caso? No a las religiones no al socialismo
Lipglosmulticolor_|@Juanfelipe #216 Cerrar @ karka # 208 Ya sabes que a Grinan en los ERES, se le aplicó una teoría por los jueces de Sevilla, que por ejemplo no se le aolicó a Rajoy o a Esperanza Aguirre, esa de que cómo no íba a saber que otros (en otra Consejería que no era la suya) malversaban, aunque él no lo hiciera y no se llevara ni un euro. Teoría para uno y no para otros. Falta absoluta de pruebas, y ganó su recurso ante el TC. . Qué ganará su recurso cuando el TC esestaba Cumplido y mayoría PSOE sanchista y que el hijo de Cumplido le dieran un trabajó en Telefónica de 100.000 € anuales. Ustedes negar la mayor, es su mayor trabajo como súbditos servirles.
Fasfas|¿La expulsarán de la militancia? Que os apostáis a que no. Los sociatas todavía denunciarán a la UCO por filtraciones.
AlCamino|Esta cloaca pura del PSOE ya no tiene cabida en una democracia. Son una vergüenza para el país y para Europa.
Fasfas|Esto si que es acoso y extorsión contra gente honrada.
Lipglosmulticolor_|Pujol , lo recuerdan. El muy honorable catalán, también quiso cagarse a la UCO, cuando le informaron de los informes de investigación de la UCO , por corrupción del 3% y 4% de su gobierno y su partido. Así como al clan familiar por delitos de cohecho, trafico de influencias, delito fiscal, blanqueo de capitales, prevaricación, malversación y falsedad.
Ras|No me he leído su biografía pero he visto la foto, así que el veredicto es claro, una mafiosa más de la banda organizada de forajidos llamada PSOE
Nacho4590|Sé que es complicado, pero, ¿ hay algún aforado limpio? Necesitamos que esta señora ocupe su lugar
Alma_del_Averno|Es así de fea de nacimiento, o se desfiguro cuando la metieron enchufada en ENUSA, y " jugaba" con las barras de Uranio.
Alma_del_Averno|Está tía quiere ver muertos al Balas, y a todos nosotros.
maria-2006|Muy baja la noticia del Mundo. Uhy
El_futuro_ya_paso|@marcameron #248 Cerrar @ Juanfelipe # 236 Hay psiquiatras muy buenos, solo hay que dar el paso. Y baratos, quizá @Juanfelipe lo que le pare sea el coste.
El_futuro_ya_paso|Seguro que en español hay una palabra que signifique lo mismo que "insider" y que Quico Alsedo desconoce. Y otra que significa lo mismo que "background", es triste ser analfabeto pero más triste es serlo en dos idiomas.
Atomico|@228dead #235 Cerrar jose maría olmo periodista del digital de la extrema derecha el confidencia ha sido acusado susceptiblemente por el abogado que ha sido espiado en este affaire como el que le ha puesto micrófonos en su despacho, mmm, esto se pone interesante, porque publicar conversaciones privadas de abogados con sus clientes es un delito grave de prisión y espero que así sea No hay más ciego que el que no quiere ver...
jbara|Comienzo a entender porque Cerdan era tan amigo de Tito Berni.
Negroponte|@Community_Ferraz #198 Cerrar @ Juanfelipe # 112 Me informan que este mensaje no te lo contabilizarán a la hora de facturar. Recordad que no debéis saliros de las directivas que os hemos enviado desde Ferraz. Las palabras clave a utilizar hoy son: Mazón, Ayuso, Feijóo y ultraderecha. Saludos, compañero. Y Franco, falta Franco. Es que llevan 2 días sin sacarlo y hay que dejar descansar usar el de Ayuso, al menos hasta el viernes.
Nonuck|Que asco de gobierno.
Blanco11|Vaya ,,pico,, que tiene en las conversaciones que ha sido pillada...madre mía...
armrw17|Que alguien critique a UCO, policía, jueces y similares solo significa que les interesa vivir en la ilegalidad.
Mi_yo|@Juanfelipe #237 Cerrar Y tampoco se sabe la decisión del alcalde sobre el Director General de la policía municipal de su Ayuntamiento, que estuvo involucrado en un atropello, había una menor, y que según varios medios se tapó, ¿mirará para otro lado el duro con sus rivales, Almeida? Te pagan por esto o es voluntario?
ntl|@Juanfelipe #230 Cerrar Se publica que a Aldama se le adjudicó a dedo por el Ayuntamiento del PP de Madrid, con otro gobierno también del PP, dos restaurantes que luego alquiló sin autorización, llevándose una tajada de 150.000 €. El Ayuntamiento no se enteraba En uno de esos restaurantes celebró Ábalos su cumpleaños con Sánchez, Montero y no sé cuánta gente más.
Mi_yo|@Juanfelipe #236 Cerrar @ Maicol # 219 Lo digo y lo repito, táctica ya conocida del PP y sus medios para desgastar al gobierno. No hay ni por asomo la corrupción diaria y constanye del PP (con entrada de ministros del PP en prisión, del tesorero del PP, de Prrsidente de autonomía, de Presidentes de Diputación, de Alcaldes, de Consejeros autonómicos y Viceconsejeros, y la condena del PP como partido por corrupción tres veces. Aún queda el juicio de la policía patriótica del PP y 30 juicios más por hacer por hacer por corrupción. Como también que aquí mandan las sentencias, hasta que no haya condena todo es humo Hombre, en el PSOE no van a prisión porque los indultan, solo con los ERE han estafado más que el resto de partidos en toda su historia, pero insisto, los indultan. Cuando no, tratan de bloquear a la Justicia, cuando no secuestran al Tribunal Constitucional¿ y todo así. No soy de unos ni de otros, pero ahora tenemos muchos que acabarán en la cárcel o sin poder pisar el país, y si no al tiempo. Así que Juan Felipe¿ se te acaba el tiempo y creo que el trabajo.
marcameron|@Juanfelipe #236 Cerrar @ Maicol # 219 Lo digo y lo repito, táctica ya conocida del PP y sus medios para desgastar al gobierno. No hay ni por asomo la corrupción diaria y constanye del PP (con entrada de ministros del PP en prisión, del tesorero del PP, de Prrsidente de autonomía, de Presidentes de Diputación, de Alcaldes, de Consejeros autonómicos y Viceconsejeros, y la condena del PP como partido por corrupción tres veces. Aún queda el juicio de la policía patriótica del PP y 30 juicios más por hacer por hacer por corrupción. Como también que aquí mandan las sentencias, hasta que no haya condena todo es humo Hay psiquiatras muy buenos, solo hay que dar el paso.
Santi86|@Juanfelipe #236 Cerrar @ Maicol # 219 Lo digo y lo repito, táctica ya conocida del PP y sus medios para desgastar al gobierno. No hay ni por asomo la corrupción diaria y constanye del PP (con entrada de ministros del PP en prisión, del tesorero del PP, de Prrsidente de autonomía, de Presidentes de Diputación, de Alcaldes, de Consejeros autonómicos y Viceconsejeros, y la condena del PP como partido por corrupción tres veces. Aún queda el juicio de la policía patriótica del PP y 30 juicios más por hacer por hacer por corrupción. Como también que aquí mandan las sentencias, hasta que no haya condena todo es humo Pero apoyas o no apoyas las investigaciones de la UCO?
Negroponte|@Juanfelipe #216 Cerrar @ karka # 208 Ya sabes que a Grinan en los ERES, se le aplicó una teoría por los jueces de Sevilla, que por ejemplo no se le aolicó a Rajoy o a Esperanza Aguirre, esa de que cómo no íba a saber que otros (en otra Consejería que no era la suya) malversaban, aunque él no lo hiciera y no se llevara ni un euro. Teoría para uno y no para otros. Falta absoluta de pruebas, y ganó su recurso ante el TC. Mientes. Y lo sabes. Y así en todo lo que escribes con todos los perfiles que usas.
Atrincar|Tiene cara de muy mala persona, uffff de donde salen todas estás? Ni haciendo un casting
Aguilaencina|Leire Díez, que niega todo vínculo con la dirección del partido, sale de su sede central en dirección a la cita, y allí mismo regresa tras negarlo todo. Jajajaja, buenísimo!! Feminista y mentirosa, como su amado líder.
marcameron|@228dead #235 Cerrar jose maría olmo periodista del digital de la extrema derecha el confidencia ha sido acusado susceptiblemente por el abogado que ha sido espiado en este affaire como el que le ha puesto micrófonos en su despacho, mmm, esto se pone interesante, porque publicar conversaciones privadas de abogados con sus clientes es un delito grave de prisión y espero que así sea Solo hay que leer comentarios como el tuyo y de otros comegambas y bienpagaos de Ferraz por un bocata chopped, para confirmar lo de esta señora sin ningún genero de dudas. De ser falsos los testimonios y la afinidad de la señora de marras con el PSOE y Sánchez, se (os) la hubieran tirado al cuello desde el minuto uno. Parece que las directrices de Ferraz son protegerla no vaya a tirar de la manta. Dudas despejadas.
Blanco11|Pero,que pintaba esta ahí?Dale con las mujeres de los rojos,quieren ser,lo que nunca pudo ser...Pues,que la haga Justicia,en nombre de la Ley.
Lipglosmulticolor_|@Juanfelipe #237 Cerrar Y tampoco se sabe la decisión del alcalde sobre el Director General de la policía municipal de su Ayuntamiento, que estuvo involucrado en un atropello, había una menor, y que según varios medios se tapó, ¿mirará para otro lado el duro con sus rivales, Almeida? . Lo del atropello, que fue el día del caos del Gran apagón, del mejor sistema del mundo, en el que la niña no sufrió fracturas, si no leves rasguños, y por supuesto el susto de la madre y de la niña, se comunicó el dia después.
ntl|@Juanfelipe #236 Cerrar @ Maicol # 219 Lo digo y lo repito, táctica ya conocida del PP y sus medios para desgastar al gobierno. No hay ni por asomo la corrupción diaria y constanye del PP (con entrada de ministros del PP en prisión, del tesorero del PP, de Prrsidente de autonomía, de Presidentes de Diputación, de Alcaldes, de Consejeros autonómicos y Viceconsejeros, y la condena del PP como partido por corrupción tres veces. Aún queda el juicio de la policía patriótica del PP y 30 juicios más por hacer por hacer por corrupción. Como también que aquí mandan las sentencias, hasta que no haya condena todo es humo Según el caso y el día, hay responsabilidades políticas que no deben confundirse con las penales o bien "hasta que no haya condena todo es humo"
Indomito|Socialista , cuando vayáis a votar al guapo de Pedro , tenéis que pensar que en el paquete vienen incluidos especímenes como la de la foto , con pocas cualidades físicas , y menos morales .
por7votoselculoroto|@jrafael #233 Cerrar @ YoTambienQuieroSerHermanisimo # 183 Albert Rivera es responsable de que Sánchez esté hay, se dejó estafar y mire donde está en estos momentos, por otra parte Rivera creo que no es una persona de fiar, fue un aprovechado de lo que sucedía en España y como no tiene 2 luces la termino cagando y perjudicando a los españoles. Las dos "luces" las tuvieron los españoles que votaron a Rivera...! Ingenuos y tontos útiles. Porque muchos no nos lo creíamos y lo vimos venir. Hay que ser más espabilado en esta vida y sobre todo con los políticos, que te venden a tu madre si hace falta. Véase Sánchez y Psoe.
Juanfelipe|Y tampoco se sabe la decisión del alcalde sobre el Director General de la policía municipal de su Ayuntamiento, que estuvo involucrado en un atropello, había una menor, y que según varios medios se tapó, ¿mirará para otro lado el duro con sus rivales, Almeida?
Juanfelipe|@Maicol #219 Cerrar @ Juanfelipe # 187, es decir, según leo en tu comentario dices que por un par de casitos de nada, no todo es corrupción en el PSOE? en serio? Y ojo, no metas al PP ahí, el PP aún siendo corrupto, que lo son, no han dilapidado jamás el Estado ni están dispuestos a desmembrar el país para seguir en la poltrona. Estamos hablando de corrupción nivel DIOS, a ver si te enteras de una vez, esa corrupción que te hará quedarte sin pensión alguna, que hará que no puedas operarte en un hospital, que hará que no puedas enviar a tus hijos a un colegio digno, leñe!. Es que no me puedo creer que tu voto valga lo que el mío por Dios Santo!. Vota a quien te de la gana menos a aquellos que hayan demostrado su corrupción de forma manifiesta PSOE, PP, PODEMOS, SUMAR, IU, etc, vota a otros co.o!. Lo digo y lo repito, táctica ya conocida del PP y sus medios para desgastar al gobierno. No hay ni por asomo la corrupción diaria y constanye del PP (con entrada de ministros del PP en prisión, del tesorero del PP, de Prrsidente de autonomía, de Presidentes de Diputación, de Alcaldes, de Consejeros autonómicos y Viceconsejeros, y la condena del PP como partido por corrupción tres veces. Aún queda el juicio de la policía patriótica del PP y 30 juicios más por hacer por hacer por corrupción. Como también que aquí mandan las sentencias, hasta que no haya condena todo es humo
228dead|jose maría olmo periodista del digital de la extrema derecha el confidencia ha sido acusado susceptiblemente por el abogado que ha sido espiado en este affaire como el que le ha puesto micrófonos en su despacho, mmm, esto se pone interesante, porque publicar conversaciones privadas de abogados con sus clientes es un delito grave de prisión y espero que así sea
Santi86|@Juanfelipe #187 Cerrar @ Santi86 # 180 Ya sabes que todo esto es la táctica del PP, ya la usó antes y Feijóo en Galicia, hacer ver que por un caso (Ábalos) y dos casitos más de nada, todo es corrupción. Es la falta de nivel y programa del PP y la mediocridad de sus líderes como Feijóo, Ayuso..... Uuuuuyyyyy me da que en realidad solo apoyas a la UCO cuando te interesa.
jrafael|@YoTambienQuieroSerHermanisimo #183 Cerrar @ Joaquin1 # 178 Banda, banda de delincuentes. Ya lo dijo Albert Rivera y aunque ha llovido desde entonces, aquí los Españolitos o no se enteran o son cómplices de la banda. Albert Rivera es responsable de que Sánchez esté hay, se dejó estafar y mire donde está en estos momentos, por otra parte Rivera creo que no es una persona de fiar, fue un aprovechado de lo que sucedía en España y como no tiene 2 luces la termino cagando y perjudicando a los españoles.
PAUS|@Bevilacqua #139 Cerrar Si los periodistas de El Mundo son tan listos por qué no investigan dónde estaba Mazón. Ah, no, se me olvidada que tienen prohibido investigar al PP! Concho que lo haga El País. Tiempo habéis tenido.
Juanfelipe|Pues sí, el T Supremo ha desestimado la demanda del novio de Ayuso contra la ministra María Jesús Montero, por llamarlo delincuente confeso
Juanfelipe|Se publica que a Aldama se le adjudicó a dedo por el Ayuntamiento del PP de Madrid, con otro gobierno también del PP, dos restaurantes que luego alquiló sin autorización, llevándose una tajada de 150.000 €. El Ayuntamiento no se enteraba
Babia|La Policía Patriota.
Hispano1059|Estos individuos son flora y fauna del terciario resilentes y peligrosos. Ahora bien con la Guardia Civil han topado. Mal asunto, yo que ellos, me compraba unos "grilletes" que no me apretasen y ya me los dejaba puestos.
PAUS|@Juanfelipe #153 Cerrar @ Lucas_Quete_Polar # 132 Dime que dijo la UCO en el caso de la mujer de Sánchez que lleva el juez Peinado. Parece que te refieres a eso. A ver Al principio. Cuando miró por encimita. Pero ahora hay un camión de m y todo apunta a que se va a volcar encima de la cabeza de Sánchez.
40554|Leire te da miedo la OCU ?. Te van a enchironar .
elrealista|Si la cara es el espejo del alma, esta esta mas que condenada, con personajes asi no se extraña uno que la izquierda se haya degenerado asta los infiernos mas sucios de la politica.
PAUS|Está tía tiene que ir presa. No sé a qué esperan para arrestarle.
PAUS|@228dead #189 Cerrar he oído esa conversación privada filtrada por la uco en la que se interpreta que el tal Balas, un jefe de la guardia civil, traficaba con coca según uno de esos empresarios, el que estaba en Dubai, vaya vaya, que sorpresa, el gato cayó en la trampa Tu lo flipas. Todos con la Guardia Civil y con la UCO.
jrafael|@228dead #210 Cerrar estoy viendo a javier ruiz en la 1 y ha hablado con el abogado que estaba en esa conversación privada filtrada como siempre por delincuentes del ppvx, el confidencial, y resulta que leire díez acompañaba a un empresario en el despacho de ese abogado y se conectaron online con otro empresario fugado por estar imputado en el asunto de los hidrocarburos del aldama, vaya lío, pero el fugado en Dubai dijo que la guardia civil trafica con toneladas de coca y que tiene pruebas, y la leire ha dicho que si presenta las pruebas le puede ayudar en su caso con la fiscalía...a ver si yo tengo dar las noticias reales continuamente y la monda no es capaz De drogas los socialistas entienden bastante, en eso no necesitan miles de asesores. Javier Ruiz, jajaja, jajaja, periodista, jajaja,jajajaja, un acólito a sueldo de sanchismo, Javier Ruiz tiene de periodista lo que yo de ruso.
Frankk|En este Pais no habra tranquilidad ni normalidad democratica mientras el PSOE no desaparezca; este `partido​/secta¿ es incompatible con con la sociedad occidental actual y, por supuesto, con España.
PAUS|@itscominghome #161 Cerrar El psoe es esto, ha sido así durante 140 años. Los únicos 40 que no robaron ni la liaron, fue durante el periodo de Franco. Esto es memoria histórica, hay que enseñar a a los crios en el colegio la historia de este partido criminal. En cuanto a esta elementa, juicio y cárcel. No queda otra. Tiene usted razón. Y mira que yo era partidaria de defender que siga la izquierda moderada. Pero son unos sinvergüenzas y un peligro para la democracia. Van a provocar otra guerra civil.
Maicol|@Juanfelipe #187 Cerrar @ Santi86 # 180 Ya sabes que todo esto es la táctica del PP, ya la usó antes y Feijóo en Galicia, hacer ver que por un caso (Ábalos) y dos casitos más de nada, todo es corrupción. Es la falta de nivel y programa del PP y la mediocridad de sus líderes como Feijóo, Ayuso..... , es decir, según leo en tu comentario dices que por un par de casitos de nada, no todo es corrupción en el PSOE? en serio? Y ojo, no metas al PP ahí, el PP aún siendo corrupto, que lo son, no han dilapidado jamás el Estado ni están dispuestos a desmembrar el país para seguir en la poltrona. Estamos hablando de corrupción nivel DIOS, a ver si te enteras de una vez, esa corrupción que te hará quedarte sin pensión alguna, que hará que no puedas operarte en un hospital, que hará que no puedas enviar a tus hijos a un colegio digno, leñe!. Es que no me puedo creer que tu voto valga lo que el mío por Dios Santo!. Vota a quien te de la gana menos a aquellos que hayan demostrado su corrupción de forma manifiesta PSOE, PP, PODEMOS, SUMAR, IU, etc, vota a otros co.o!.
Perico_Palotes|Cara de buena persona no tiene precisamente.
PAUS|@zagal2 #167 Cerrar ¿Esta "fontanera" socialista es la que controla el voto por correo? De hecho ya se está investigando el amaño de votos por parte del PSOE en las generales. Que levante la mano quien crea que hubo pucherazo con el voto por correo.
Juanfelipe|@karka #208 Cerrar Nada, nada . Otra eurocopa, mundial u olimpiada y entre las celebraciones se le revoca la posible condena. Efecto Griñan Ya sabes que a Grinan en los ERES, se le aplicó una teoría por los jueces de Sevilla, que por ejemplo no se le aolicó a Rajoy o a Esperanza Aguirre, esa de que cómo no íba a saber que otros (en otra Consejería que no era la suya) malversaban, aunque él no lo hiciera y no se llevara ni un euro. Teoría para uno y no para otros. Falta absoluta de pruebas, y ganó su recurso ante el TC.
Andando|No hace falta más que mirar la foto que acompaña a la noticia y mirar esa cara, ese gesto para entender la catadura moral de la persona fotografiada.
Voxamnistiayreferendumpa2anos|Una podemonders.....no es como Jessica , si no volaría milllones
DONBITOO|Esa fontanera de que usted me habla
risenxart|Si no hay una sublevacion en masa contra este gobierno es que no tenemos remedio , falta alguien con agallas para promover esto y acabar con esta pesadilla
Juanfelipe|@Lucas_Quete_Polar #202 Cerrar @ Juanfelipe # 187 Bah! Tranquilo. Esa estrategia no va a cuajar. La gente no es tonta y sabe que, exceptuando a Sánchez, su familia, su gobierno, sus socios de gobierno y su partido, que están hasta las orejas de corrupción, el resto está limpio. :-) Pero hombre, lo que manda aquí son las sentencias, no los bulos, las conspiraciones, los agentes secretos como Leire y esa gran operación,las confabulaciones. Eso para dar vidilla al foro, pues bueno, pero nada más
228dead|estoy viendo a javier ruiz en la 1 y ha hablado con el abogado que estaba en esa conversación privada filtrada como siempre por delincuentes del ppvx, el confidencial, y resulta que leire díez acompañaba a un empresario en el despacho de ese abogado y se conectaron online con otro empresario fugado por estar imputado en el asunto de los hidrocarburos del aldama, vaya lío, pero el fugado en Dubai dijo que la guardia civil trafica con toneladas de coca y que tiene pruebas, y la leire ha dicho que si presenta las pruebas le puede ayudar en su caso con la fiscalía...a ver si yo tengo dar las noticias reales continuamente y la monda no es capaz
Juanfelipe|@Lucas_Quete_Polar #191 Cerrar @ Juanfelipe # 153 A ver. Te digo. Sobre lo que dice la UCoO hay dos veraiones. Por un lado, la vuestra (la sociata): Begoña es súper guapa, súper femenina y súper honrada, y la ultraderecha es súper mala. Por otro lado la realidad: hay que seguir investigando. Y vaya que si han seguido. Es decir, que no lo has mirado. En todos los medios salió lo que dijo la UCO a Peinado de la mujer de Sánchez. Búscalo.
karka|Nada, nada . Otra eurocopa, mundial u olimpiada y entre las celebraciones se le revoca la posible condena. Efecto Griñan
gweingro|Esto es de lo más grave que ha ocurrido con Sánchez, que no es decir poco. Es muy grave esto, como para que caiga mañana mismo el Gobierno, si hubiera algo, algo¡ de decencia.
karka|El pchoe es un partido que debería ser ilegalizado. Lo de Griñan fue la guinda y, como ven, la cosa continúa. Es su modus operandi: la corrupción. A la masa la distraen con el deporte. Muchos triunfos mientras ellos se dedican a lo suyo.
Alain_Petit|Pero qué fauna, nen...
Lipglosmulticolor_|@Octopo #194 Cerrar A este circo al que asistimos se le llama "progresismo" . . Ya lo creo que han progresado, pero en la corrupción. Con el PSOE de los inicios de la democracia de Felipe González, los 36 años de señoritos del cortijo PSOE en Andalucia y con los de la banda del Peugeot y su PSOE sanchista de la corrupción institucionalizada.
Ratonbell|Con verle la cara ya se ve lo oscura que es, mirada de rencor y de sociópata..., vamos que el cobarde de la Moncloa y ella coincidieron (o coincidirán) en el mismo frenopático.
Lucas_Quete_Polar|@Juanfelipe #187 Cerrar @ Santi86 # 180 Ya sabes que todo esto es la táctica del PP, ya la usó antes y Feijóo en Galicia, hacer ver que por un caso (Ábalos) y dos casitos más de nada, todo es corrupción. Es la falta de nivel y programa del PP y la mediocridad de sus líderes como Feijóo, Ayuso..... Bah! Tranquilo. Esa estrategia no va a cuajar. La gente no es tonta y sabe que, exceptuando a Sánchez, su familia, su gobierno, sus socios de gobierno y su partido, que están hasta las orejas de corrupción, el resto está limpio. :-)
Dluck|Este es el mayor escándalo en la historia de la democracia. Una afiliada colocada desde hace años en empresas estatales, a la que escrupulosamente nunca le ha pagado el PSOE para no comprometerse, dedicada a negociar con delincuentes prometiendo ayudas de fiscales corruptos. Como en las películas de espías: "Estás sola. Si te encuentran, lo negaremos todo". Y en esas estamos.
Churrimerini|Otra para la colección de prisiones
aresano2016|UNA MALANDRA
Community_Ferraz|@Juanfelipe #112 Cerrar @ Santi86 # 92 Por supuesto que apoyo el trabajo de la UCO, pero siempre (no habrás leído ningún comentario mío atacando a la UCO), tanto informe a favor de un partido como de otro, lo que no es el caso de la derecha y sus seguidores, que pusieron verde a la UCO cuando informó de que no había nada en el caso de la mujer de Sánchez que lleva Peinado (decían..de quién depende la UCO, pues eso) Me informan que este mensaje no te lo contabilizarán a la hora de facturar. Recordad que no debéis saliros de las directivas que os hemos enviado desde Ferraz. Las palabras clave a utilizar hoy son: Mazón, Ayuso, Feijóo y ultraderecha. Saludos, compañero.
Lipglosmulticolor_|@Juanfelipe #187 Cerrar @ Santi86 # 180 Ya sabes que todo esto es la táctica del PP, ya la usó antes y Feijóo en Galicia, hacer ver que por un caso (Ábalos) y dos casitos más de nada, todo es corrupción. Es la falta de nivel y programa del PP y la mediocridad de sus líderes como Feijóo, Ayuso..... . Ya. La banda del Peugeot. El PSOE y Sánchez quien lo lidera es el doctor cum laude, de la limpieza, la transparencia, y el referente moral, para el conjunto de la sociedad en España, en Europa y en el mundo. El que nos aporta el mayor prestigio a nuestra democracia y a nuestras instituciones , las mas libres independientes y democráticas del mundo , sin un solo caso de corrupción. XD XD XD XD XD
El_emperador_va_desnudo_lelos|@Lipglosmulticolor_ #192 Cerrar Menuda banda todos en el PSOE sanchista Hasta las mujeres .?. Esta "señora", es la que le montó un pollo a una periodista, y la acusaba de haberla engañado. Pero.... Resultó que la periodista lo grabó todo, y quedó como lo que son, gente sin escrúpulos capaces de todo. Es que no son mujeres, solo lo parecen por fuera. Bueno, algunas. Otras, ni eso.
EL_AVISPERO|He preguntado en el domicilio de esta mujer y el marido y los hijos me dicen que se parece mucho , pero que no es ella.
Octopo|A este circo al que asistimos se le llama "progresismo" .
Re103|@LaVerdadTotal #6 Cerrar La cara habla sola¿ Verdad que si??? Yo también lo he pensado.
Lipglosmulticolor_|Menuda banda todos en el PSOE sanchista Hasta las mujeres .?. Esta "señora", es la que le montó un pollo a una periodista, y la acusaba de haberla engañado. Pero.... Resultó que la periodista lo grabó todo, y quedó como lo que son, gente sin escrúpulos capaces de todo.
Lucas_Quete_Polar|@Juanfelipe #153 Cerrar @ Lucas_Quete_Polar # 132 Dime que dijo la UCO en el caso de la mujer de Sánchez que lleva el juez Peinado. Parece que te refieres a eso. A ver A ver. Te digo. Sobre lo que dice la UCoO hay dos veraiones. Por un lado, la vuestra (la sociata): Begoña es súper guapa, súper femenina y súper honrada, y la ultraderecha es súper mala. Por otro lado la realidad: hay que seguir investigando. Y vaya que si han seguido.
Lipglosmulticolor_|@Bevilacqua #139 Cerrar Si los periodistas de El Mundo son tan listos por qué no investigan dónde estaba Mazón. Ah, no, se me olvidada que tienen prohibido investigar al PP! . No me diga, que despues de tanto ventorrear a diestro y siniestro, ahora usted nos dice que no se sabía y que se investigue dónde estaba Mazón. Sólo se puede entender porque son unos Trolls, troleando. XD XD XD XD
228dead|he oído esa conversación privada filtrada por la uco en la que se interpreta que el tal Balas, un jefe de la guardia civil, traficaba con coca según uno de esos empresarios, el que estaba en Dubai, vaya vaya, que sorpresa, el gato cayó en la trampa
tienesrazon|@Juanfelipe #174 Cerrar Después de la declaración de hoy del abogado del novio de Ayuso ante el juez Hutado (en la que se contradice con aquél), lo normal es que el juez Hurtado, hoy mismo, cierre el casito contra el Fiscal General y lo archive, es lo que se espera jajajaja, ¿qué tiene que ver éso con la revelación de secretos del corrupto Fiscal General?.
Juanfelipe|@Santi86 #180 Cerrar @ Juanfelipe # 112 Así me gusta, que apoyes las sabores de investigación de la UCO en todos los casos que se está destapando a este gobierno sinvergüenza. Ya sabes que todo esto es la táctica del PP, ya la usó antes y Feijóo en Galicia, hacer ver que por un caso (Ábalos) y dos casitos más de nada, todo es corrupción. Es la falta de nivel y programa del PP y la mediocridad de sus líderes como Feijóo, Ayuso.....
Mafia_Socialista|@Juanfelipe #112 Cerrar @ Santi86 # 92 Por supuesto que apoyo el trabajo de la UCO, pero siempre (no habrás leído ningún comentario mío atacando a la UCO), tanto informe a favor de un partido como de otro, lo que no es el caso de la derecha y sus seguidores, que pusieron verde a la UCO cuando informó de que no había nada en el caso de la mujer de Sánchez que lleva Peinado (decían..de quién depende la UCO, pues eso) A tenor de todas las informaciones y datos que hemos conocido de la investigación judicial parece que la UCO no estuvo fina en su informe.
adm|Lo siento pero no me fio de ella.
Lipglosmulticolor_|En este gobierno PSOE sanchista, el que no es su madre una comisaria socialista del PSOE, tiene a la esposa, al hermano o al hijo , a las amigas metidos en el fango.
Mafia_Socialista|@Joaquin1 #178 Cerrar Ruego leáis el texto del artículo 464, 1 del Código Penal. El PSOE cada vez se asocia más con la palabra delincuente. Banda, banda de delincuentes. Ya lo dijo Albert Rivera y aunque ha llovido desde entonces, aquí los Españolitos o no se enteran o son cómplices de la banda.
Lipglosmulticolor_|Los de la banda del Peugeot, de aquéllos barros estos lodos. El PSOE sanchista de la corrupción institucionalizada.
zagal2|@Jansiolo #38 Cerrar La cara es el espejo del superamacismo del régimen Sanchista, una transición que la humanidad ya vivió hace 100 años por otro sátrapa llamado Benito, el cual la describió como el cambio del modelo Socialista Internacional al Socialismo Nacional y que publicó en un libro junto con Giovanni Gentile y que se titula "La Dottrina del Fascismo". En el caso de nuestro sátrapa Pedro Sánchez el cambio es del modelo socialista socialdemócrata de Felipe González al fascismo del Socialismo Plurinacional Globalista, ahí es nada.
Santi86|@Juanfelipe #112 Cerrar @ Santi86 # 92 Por supuesto que apoyo el trabajo de la UCO, pero siempre (no habrás leído ningún comentario mío atacando a la UCO), tanto informe a favor de un partido como de otro, lo que no es el caso de la derecha y sus seguidores, que pusieron verde a la UCO cuando informó de que no había nada en el caso de la mujer de Sánchez que lleva Peinado (decían..de quién depende la UCO, pues eso) Así me gusta, que apoyes las sabores de investigación de la UCO en todos los casos que se está destapando a este gobierno sinvergüenza.
chusita444|si opino sobre esta fontanera; me tengo q ir de españa
Joaquin1|Ruego leáis el texto del artículo 464, 1 del Código Penal. El PSOE cada vez se asocia más con la palabra delincuente.
Bedal|Se ríen de nosotros,esto es una tomadura de pelo y una burla completa.Hay que salir a la calle,ir a por ellos y darles un escarmiento que no les queden ganas ni de salir de su casa.Delincuentes!!!;
Exponorth|@Drieu #156 Cerrar La cara, el espejo del alma... He pensado lo mismo. No te puedes fiar de alguien con esa cara.
Juanfelipe|@Joaquin1 #165 Cerrar Esta señora ha incurrido en un presunto delito contra la administración de justicia. Espero que el tribunal que sigue las averiguaciones de la UCO actúe de oficio y habrá diligencias contra ella. ¿En qué delito dices que ha incurrido esa Leire Diez?
Juanfelipe|Después de la declaración de hoy del abogado del novio de Ayuso ante el juez Hutado (en la que se contradice con aquél), lo normal es que el juez Hurtado, hoy mismo, cierre el casito contra el Fiscal General y lo archive, es lo que se espera
_Exiliadofiscal|Estos rojos en buenos cargos si les sale a cuenta votar al PSOE, pero el de paguita ya te digo que no, mas pobres y no se enteran.
Joaquin1|Hay algo de dignidad o vergüenza en el PSOE? En su gobierno ya vemos que no
Pepesap2|Veo a los Bardem y los Almodóvar, callados, a los Monederos eufóricos porque cada vez nos parecemos más a sus amada Venezuela, a los que les votan, aborregados y a los demás j.d.d.s y perplejos ante este comportamiento que roza lo mafioso del gobierno.
Joaquin1|Nunca había caído este país en semejante degradación. Rubalcaba decía que no merecía un gobierno del PP y el PSOE nos ha traído un gobierno de corrupción y conspiración.
Juanfelipe|@yosoyelRock #145 Cerrar @ Juanfelipe # 95 El jueves día 29 Horizonte en Cuatro Televisión,se vienen cositas Felipin. Carlos, a ver la factura del Ventorro
Juanfelipe|El Tribunal Supremo desestima la demanda del novio de Ayuso contra Ministra María Jesús Montero, por llamarle delincuente confeso
zagal2|¿Esta "fontanera" socialista es la que controla el voto por correo?
Pafiarse|Tela tela. Perotan ruines somos. Pero vamos que con polis como Villarejo que se dedica a lo peor y más bajo, pasando por el que tenía el chalet emparedado con fajos de billetes... Al menos parece que en la Guardia Civil hay algun valiente decente. En fin aterrador.
Joaquin1|Esta señora ha incurrido en un presunto delito contra la administración de justicia. Espero que el tribunal que sigue las averiguaciones de la UCO actúe de oficio y habrá diligencias contra ella.
tilleggs|Qué verguenza de país. No deberíamos consentirlo. Qué calaña tan baja tienen nuestros politicos. Qué corrupción tan nauseabunda de todo lo público.
thinkinspain|Da lo mismo que filtren estos audios, la mayoría volverá a votar al Felón.
veteatomar|Si yo fuese narcotraficante, odiaría a la guardia civil que se encarga de luchar contra el narcotráfico.
itscominghome|El psoe es esto, ha sido así durante 140 años. Los únicos 40 que no robaron ni la liaron, fue durante el periodo de Franco. Esto es memoria histórica, hay que enseñar a a los crios en el colegio la historia de este partido criminal. En cuanto a esta elementa, juicio y cárcel. No queda otra.
Community_Ferraz|Compañeros, me transmite nuestro líder que estáis hacienda un fantástico trabajo en este medio ultraderechista.
analistam|Lo que me pregunto es, cuando pisoteas la democracia todos los días, luego, cuando vayas a la oposición que vas a exigir???????
Drieu|@Bevilacqua #139 Cerrar Si los periodistas de El Mundo son tan listos por qué no investigan dónde estaba Mazón. Ah, no, se me olvidada que tienen prohibido investigar al PP! tú tienes prohibido razonar con un mínimo de inteligencia.
Atomico|Se están cargando la profesión de fontanero...
Drieu|La cara, el espejo del alma...
Maicol|Hay un policía que fue expulsado del cuerpo, tiene un grado en criminología, escribe libros y es requerido por la oposición siempre que hay un problema donde él pueda opinar. Es en apariencia una persona honesta y todo lo que dice tiene sentido común a más no poder. Cuando le preguntan por los políticos en general dice de ellos sin cortapisas ni paños calientes que son "seres malvados", no son malotes, ni corruptos, ni unos lazarillos de Tormes elevados a la enésima potencia no, son MALVADOS hasta dejar que más de 200 valencianos mueran para ver si uno u otro sacan réditos electorales. Sólo miren a la cara a esa mujer y díganme si les comunica confianza , es literalmente horrible.
Re103|Ya hemos sobrepasado el ridículo y ahora que, ¿Ahora más?. Yo no creo en eso que se dice; Tenemos lo que merecemos. No, no es así creo es más sencillo pero nos falta dar el paso para darnos cuenta nosotros mismos, que estamos aquí.
Juanfelipe|@Lucas_Quete_Polar #132 Cerrar @ Juanfelipe # 112 Apoyar el trabajo de la UCO está muy bien. Lo que no está tan bien es inventarse que la UCO dice cosas que no dice, o que los demás insultan a la UCO cuando, a diferencia de los tuyos, no lo hacen. Dime que dijo la UCO en el caso de la mujer de Sánchez que lleva el juez Peinado. Parece que te refieres a eso. A ver
veteatomar|Sería MUY RARO que los delincuentes estuviesen a favor de que los policías hagan su trabajo.
Yo_PEP|@marcameron #127 Cerrar @ Yo_PEP # 122 No la publica en primera página porque Sánchez ha dado la orden adecuada al respecto. El MUNDO, como el resto de medios de comunicación españoles, se sostiene gracias al SOBORNO del gobierno de España, denominado con el eufemismo de "publicidad institucional". Me encantaría que EL MUNDO publicase las cuentas del dinero recibido por Sánchez en esta partida durante los últimos 6 años. Ahí tiene la imparcialidad y objetividad de EL MUNDO bien retratada. puede que tengas razón, pero no nos olvidemos que fué El Mundo quien publicó los watsapps entre Pedro Sánchez, Ábalos y sus pájaras
Carduff|@Bevilacqua #139 Cerrar Si los periodistas de El Mundo son tan listos por qué no investigan dónde estaba Mazón. Ah, no, se me olvidada que tienen prohibido investigar al PP! ¿Es el comentario que se le ocurre para esta noticia?... Cómo está la izquierda!. Mazón estaba comiendo con una periodista para darle la TVE Valenciana y Sánchez estaba en el Parlamento dando a otros amigos la RTVE española. Y el PSOE tumbó el Plan Hidrológico que hubiera evitado estas muertes. Ahora, ¿Qué opina usted de que un gobierno del PSOE esté acosando a la UCO y a los jueces?.
alalba|Parece de un capítulo de " la que se avecina"
marcameron|@Josh_Rod #119 Cerrar Yo no encuentro palabras para describir lo que estamos viendo. La única diferencia con una dictadura bolivariana o estalinista, es que aquí todavía no fusilan al director de la OCU. Poco falta, UCO quiso decir, pero poco falta. Por menos Marlaska destituyó a altos mandos de la guardia civil.
Calatinez|@jonbil37 #116 Cerrar Aquellos casos de Villarejo y Bárcenas que dice usted eran mucho más graves porque eran por espionaje a otros partidos y robo de millones de euros. En lo del FGE, Begoña y David no hay cuantificado ningún botín en euros y los presuntos delitos son de mucha menor entidad se te olvidó tomarte la pastilla esta mañana y por eso dices estas cosas. Si te parece bien todo lo que está pasando en España es que eres al menos tan corrupto e inmoral que ellos. Poco más puede pasar ya en este país por parte de esta jarcia que nos pueda sorprender.
228dead|vaya vaya, otra filtración de una conversación privada...que raro, entonces, que alguien que no sea votante de las ultraderechas corruptas ppvx se cabree de por qué todas las supuestas investigaciones de los jueces untados y de la uco se filtren inmediatamente a la prensa, quizás porque tenemos una judicatura y policía patriótica que trabaja para que el ppvx nos vuelva a desgobernar y a esquilmar, la guardia civil no tiene arreglo, son golpistas y traidores y sobre todo por la pasta
yosoyelRock|@Juanfelipe #95 Cerrar No ha habido comentarios en los medios (es curioso, cuando lo comentan todo) sobre la contratación por la Comunidad de Madrid de Ayuso de uno que fue Capitán de la UCO El jueves día 29 Horizonte en Cuatro Televisión,se vienen cositas Felipin.
CorrectorGratuito|Hasta que no convoquen PP y VOX una manifestación TOTAL no va a pasar nada.
lali|Pero..y esta quien es ahora,?? Solo hay que mirarla!! cielo santo...qué nivel!
Lucas_Quete_Polar|@Juanfelipe #106 Cerrar @ Lucas_Quete_Polar # 93 Ya, dime que dijo la UCO de la mujer de Sánchez en el caso que lleva el juez Peinado. A ver. Y otra, has repasado las declaraciones de dirigentes del PP, como Gamarra, cuando la UCO informó sobre ese caso. Te lo digo. Dijo que había que seguir investigando. Y creisteis que podríais tergiversarlo sin pensar que al investigar iba a salir toda la porquería begoñil-sanchista y os iba a dar en toda la boca.
Kenedy|Otra colocada en empresas públicas, disfrutar lo votado!
Jjsusovick|Sánchez ha pactado con etarras, con independentistas que proclaman independencia y hacen arder las calles, con la ultraizquierda que delinque y abusan sexualmente de mujeres. Que hacen leyes para rebajar penas a terroristas y delincuentes sexuales. Son la carcoma de la democracia.
Bevilacqua|Si los periodistas de El Mundo son tan listos por qué no investigan dónde estaba Mazón. Ah, no, se me olvidada que tienen prohibido investigar al PP!
patriota48|Qué cantidad de palabras en inglés. Es ilegible y no entendible para los que no sabemos dicho idioma. A ver si se enteran de que, me parece a mí, están escribiendo para lectores de habla española.
Juanfelipe|@marcameron #113 Cerrar @ Romrom # 16 Su comentario es muy interesante. Y ha dado las claves del asunto. El problema es que si el PSOE se querella contra ella, puede suceder que la muchacha empiece a cantar todo lo que sabe. Y otro Ábalos soltando whatsapps no lo podría soportar ni siquiera este gobierno de Sánchez. De momento quien se va a personar en esta nueva causa va a ser el propio sindicato de la guardia civil. Espere sentado que haga otro tanto el PSOE por la cuenta que le trae. De hecho la respuesta del PSOE al respecto ha sido la típica, no hay nada y esto es un bulo. Mucha tibieza. Por algo será. El siguiente paso del PSOE será culpar al PP. Tiempo al tiempo. No se llega a Directora de Relaciones Institucionales, Filatelia, Estudios y Futuro de Correos de la noche a la mañana sin la mano de Sánchez detrás. De qué nueva causa hablas, por qué delito es. A ver
bernardodotis|Qué fácil tendrá Joaquín Reyes hacer su imitación.
Colectivo|Leire, por qué haces esto a tus aitas? Por qué?
calabazarroda|Yo pido un respeto para los fontaneros,su labor en pro de la natalidad no se merece esto
Jjsusovick|Ábalos y Sánchez,junto al resto de corruptos ministros vinieron a ocupar todos los cargos delicados del Estado para pervertir el sistema democrático desde dentro. Véase Pumpido en el TC, Tezanos en el INE, Escrivá en e Banco de España, Lola y Álvaro en la FGE, otros exministros en Red Eléctrica, en el Consejo de Estado.
Lucas_Quete_Polar|@Juanfelipe #112 Cerrar @ Santi86 # 92 Por supuesto que apoyo el trabajo de la UCO, pero siempre (no habrás leído ningún comentario mío atacando a la UCO), tanto informe a favor de un partido como de otro, lo que no es el caso de la derecha y sus seguidores, que pusieron verde a la UCO cuando informó de que no había nada en el caso de la mujer de Sánchez que lleva Peinado (decían..de quién depende la UCO, pues eso) Apoyar el trabajo de la UCO está muy bien. Lo que no está tan bien es inventarse que la UCO dice cosas que no dice, o que los demás insultan a la UCO cuando, a diferencia de los tuyos, no lo hacen.
Juanfelipe|@marcameron #102 Cerrar @ Juanfelipe # 95 Te mean en la cara y dicen que llueve esos a quienes votas. ¿Sientes ese liquido calentito en la cara? A no ser que en realidad formes parte de... ¿Eh truán? Veo que tienes experiencia en eso que cuentas, lo habrás vivido, yo no, si tú votas así pues adelante, sigue
Jjsusovick|Sánchez vino a degenerar España, a exprimirla para él y su mujer, su hermano, su fiel amigo Ábalos y todos los chupópteros del gobierno.
Jjsusovick|La cara de esta Leire le delata. En el PSOE tienen cloacas bien escogidas. Putrefacción y corrupción Sanchistas y al por mayor. Quien lo diría de un mentiroso que dijo que venía a REGENERAR.
Ciertamente_circunspecto|Guapa y con pinta de haber trabajdo duro.
marcameron|@Yo_PEP #122 Cerrar Lo lastimoso es que este diario no publique esta noticia en primera plana por el mero hecho de no tener la exclusiva de la noticia (El Confidencial). Los audios de esta delincuente destapan uno de los casos más graves que se hayan conocido jamás perpetrados por un gobierno. Espero que esta botijo y sus secuaces ingresen en prisión No la publica en primera página porque Sánchez ha dado la orden adecuada al respecto. El MUNDO, como el resto de medios de comunicación españoles, se sostiene gracias al SOBORNO del gobierno de España, denominado con el eufemismo de "publicidad institucional". Me encantaría que EL MUNDO publicase las cuentas del dinero recibido por Sánchez en esta partida durante los últimos 6 años. Ahí tiene la imparcialidad y objetividad de EL MUNDO bien retratada.
catzumizu|Pero es mujer de Cerdan? Cuidado con los titulares machistas¿
GranCanarion|Un bicho más en esta España
Boring|Dejando al margen el intento fallido de golpe de estado. Lo que está pasando últimamente es, con diferencia, lo más grave que ha ocurrido en la história de nuestra democracia. El PSOE de Pedro Sánchez, con sus maniobras y trapicheos, con los más indeseables y sinvergüenzas de éste país, está intentado hacer una transición a un régimen Bolivariano similar al de Venezuela para perpetuarse en el poder.
FURILO|Lo que decia, que dentro de poco empezarán a matar a gente y llevarla a Paracuellos!!
Yo_PEP|Lo lastimoso es que este diario no publique esta noticia en primera plana por el mero hecho de no tener la exclusiva de la noticia (El Confidencial). Los audios de esta delincuente destapan uno de los casos más graves que se hayan conocido jamás perpetrados por un gobierno. Espero que esta botijo y sus secuaces ingresen en prisión
Alain_Petit|tiene cara de libélulo con peluca..
Juanfelipe|@marcameron #110 Cerrar @ PAUS # 81 Es lo que llevan preparando desde ZP cuando regaló dos canales de TV públicos para propaganda socialista, la Sexta y Cuatro y empezaron con ingeniería financiera a dilapidar cientos de millones de euros en comprar al resto de medios, y por supuesto ingeniería de poder, para colocar sus peones en todas las instituciones públicas empezando por la abogacía y fiscalía y terminando con el sistema judicial. Por suerte a Cuatro le dieron el toque y ha empezado a cambiar, pero la Sexta je. Evidentemente Sánchez no ha quedado muy convencido y esta en trámites de regalar otras dos cadenas públicas de TV a nuevos postores, que al final serán el mismo perro con distinto collar. Menudo cuento cuentas
Josh_Rod|Yo no encuentro palabras para describir lo que estamos viendo. La única diferencia con una dictadura bolivariana o estalinista, es que aquí todavía no fusilan al director de la OCU.
cvs|Cuando vamos a salir a las calles compatriotas? Qué más se necesita? Como esto siga así, en breve no seremos dignos ni de soñar con soluciones!!! Movámonos Dios santo!!!
FURILO|Estoy seguro que en el gobierno, no la conoce nadie...jijijiji
jonbil37|Aquellos casos de Villarejo y Bárcenas que dice usted eran mucho más graves porque eran por espionaje a otros partidos y robo de millones de euros. En lo del FGE, Begoña y David no hay cuantificado ningún botín en euros y los presuntos delitos son de mucha menor entidad
Truth_defender|Tiene cara de todo menos de honrada
Jjsusovick|Sánchez y su banda vinieron a orquestar una España dividida y polarizada para supervivir en la mentira y la desfachatez. Sin importarles el país ni los españoles.
marcameron|@Romrom #16 Cerrar Estoy seguro de que esta fontanera del PSOE quería cargarse al Teniente Coronel de la UCO por su cuenta propia y sin haberlo consultado, ni pedido permiso, ni comentado con aquellos para quienes trabaja, ni recibido instrucción alguna y sin conocimiento por parte de sanchez (como no lo tenía con el enchufe del hermano) ni de bolaños. Es una persona que iba por libre y en el PSOE no sabían nada, ni lo consentían, ni lo compartían. Es más, seguro que sanchez da instrucciones al fiscal general y a la abogacía del Estado para querellarse contra ella, por conspirar contra las fuerzas y cuerpos de seguridad del Estado. Espero ansioso que hoy mismo dé una rueda de prensa para explicar todo esto Su comentario es muy interesante. Y ha dado las claves del asunto. El problema es que si el PSOE se querella contra ella, puede suceder que la muchacha empiece a cantar todo lo que sabe. Y otro Ábalos soltando whatsapps no lo podría soportar ni siquiera este gobierno de Sánchez. De momento quien se va a personar en esta nueva causa va a ser el propio sindicato de la guardia civil. Espere sentado que haga otro tanto el PSOE por la cuenta que le trae. De hecho la respuesta del PSOE al respecto ha sido la típica, no hay nada y esto es un bulo. Mucha tibieza. Por algo será. El siguiente paso del PSOE será culpar al PP. Tiempo al tiempo. No se llega a Directora de Relaciones Institucionales, Filatelia, Estudios y Futuro de Correos de la noche a la mañana sin la mano de Sánchez detrás.
Juanfelipe|@Santi86 #92 Cerrar @ Juanfelipe # 72 Me alegra que apoyes el trabajo de la UCO. Por supuesto que apoyo el trabajo de la UCO, pero siempre (no habrás leído ningún comentario mío atacando a la UCO), tanto informe a favor de un partido como de otro, lo que no es el caso de la derecha y sus seguidores, que pusieron verde a la UCO cuando informó de que no había nada en el caso de la mujer de Sánchez que lleva Peinado (decían..de quién depende la UCO, pues eso)
EL_AVISPERO|El otro día a las puertas de un colegio asesinaron a un hombre que era mejor persona que está tipa.
marcameron|@PAUS #81 Cerrar @ Juanfelipe # 72 Por Dios JuanFe. Déjelo. De verdad. Es penoso. Al final vais a provocar un levantamiento civil. Estáis locos. Es lo que llevan preparando desde ZP cuando regaló dos canales de TV públicos para propaganda socialista, la Sexta y Cuatro y empezaron con ingeniería financiera a dilapidar cientos de millones de euros en comprar al resto de medios, y por supuesto ingeniería de poder, para colocar sus peones en todas las instituciones públicas empezando por la abogacía y fiscalía y terminando con el sistema judicial. Por suerte a Cuatro le dieron el toque y ha empezado a cambiar, pero la Sexta je. Evidentemente Sánchez no ha quedado muy convencido y esta en trámites de regalar otras dos cadenas públicas de TV a nuevos postores, que al final serán el mismo perro con distinto collar.
Pato|@oskarclash77 #60 Cerrar @ Pato # 18 Estáis vosotros para dar lecciones. Pedir explicaciones a los que siempre dan lecciones no es dar lecciones, es equilibrio.
PAUS|@Juanfelipe #72 Cerrar Cuando la UCO informó por 2 veces al juez Peinado de que en lo de la mujer de Sánchez no había nada delictivo, el PP se metió con la UCO y cientos de comentarios en este foro de seguidores de la derecha decían aquello de "de quién depende la UCO, pues eso". Ahora al revés, jajaja. Tremendo Nadie se metió con la UCO. Simplemente no nos creímos que estuviera limpia. Que habrían hecho una investigación por encimita. En cuanto se pusieron en serio, salió toda la kk. Ahora es imparable. Están todos podridos.
Viano43|Madre mía vaya bicha, que cara de loca
Juanfelipe|@Lucas_Quete_Polar #93 Cerrar @ Juanfelipe # 72 Inasequible al desaliento, este personaje (Juanflipao) sigue haciendo el ridículo con sus mentiras. Ni la UCO informó de que no había nada delictivo en los choriceos de Begoña, ni el PP se metió con la UCO. Ya, dime que dijo la UCO de la mujer de Sánchez en el caso que lleva el juez Peinado. A ver. Y otra, has repasado las declaraciones de dirigentes del PP, como Gamarra, cuando la UCO informó sobre ese caso.
marcameron|@Nekanes #73 Cerrar Oyéndola hablar es la tipa del Vale !! Entiendo que es cosa del psoe donde todo vale Se creen y saben impunes. Si han conseguido dejar en nada los ERE y el golpe de estado catalán, que no harán a partir de ahora. Lo peor esta por llegar. La bola de nieve sigue creciendo y los borreguitos siguen tragando con carros y carretas.
Indomito|Es un cruce entre Yoli y Koldo .
Colectivo|Una mujer emponderada al estilo santxista. Que manera de repartir, dame pruebas, lo quiero acabado, documentamelo, tu escucha, hazlo ya lo antes posible . Leire nos vemos por el botxo amorcito.
marcameron|@Juanfelipe #95 Cerrar No ha habido comentarios en los medios (es curioso, cuando lo comentan todo) sobre la contratación por la Comunidad de Madrid de Ayuso de uno que fue Capitán de la UCO Te mean en la cara y dicen que llueve esos a quienes votas. ¿Sientes ese liquido calentito en la cara? A no ser que en realidad formes parte de... ¿Eh truán?
Talamonio|¿Vale? ¿Vale? ¿Vale? Tampoco van a poner académicos a escudriñar las cloacas del poder. Basta con tener claro quienes son los tuyos y que los demás son enemigos a batir usando lo que sea, el fin lo justifica todo. Se subliman las ambiciones, dicen que ¿luchan¿ por la democracia y el socialismo. Nunca dirán que viven con buenos sueldos de empresas públicas, aparte del tráfico de influencias que también deja un pico.
PAUS|@Cachopista #78 Cerrar @ PAUS # 65 Creo Qué era pura ironía... Eso espero jeje
Fjosss54|Estamos ante otra de los​/las miles de jetas de este país y más especialmente del PSanchez, un nido de víboras. Por mucho qu se quiera, aquellos casos con los Villarejo, Bárcenas, etc se quedan enanos ante la magnitud de la corrupción desvergonzada del PSanchez . Cuando vamos radiar definitivamente los aforamientos, las mentiras, la corrupción . Pensemos en esto la vez que tengamos que ir a las urnas, si es que vamos!
marcameron|No tiene nada que ver con el PSOE y ha estado hasta hace dos días en la dirección de Correos. Que me lo expliquen. Yo si que no tengo nada que ver con PSOE pero no me ponen en esos carguitos.
Javilon|La Famiglia First
periodicador_|Otra siniestra de la siniestra, y con el mismo modus operandis: viviendo de los más de cuatro diezmos que tenemos que entregar los trabajadores, obligados, al estado bajo amenazas de extorsión si no pagamos Sólo los faltos y paguiteros pueden apoyar a estos impresentables
Juanfelipe|No ha habido comentarios en los medios (es curioso, cuando lo comentan todo) sobre la contratación por la Comunidad de Madrid de Ayuso de uno que fue Capitán de la UCO
Atomico|Y lo peor de todo es que además de ofrecer un trato mafioso, no sabe ni hablar. Son cutres hasta para elegir interlocutores, pero luego se quejan que hay desafección de la política y se creen que los votantes somos tontos. Lo que sobran son mediocres que solo se creen la democracia cuando les interesa.
Lucas_Quete_Polar|@Juanfelipe #72 Cerrar Cuando la UCO informó por 2 veces al juez Peinado de que en lo de la mujer de Sánchez no había nada delictivo, el PP se metió con la UCO y cientos de comentarios en este foro de seguidores de la derecha decían aquello de "de quién depende la UCO, pues eso". Ahora al revés, jajaja. Tremendo Inasequible al desaliento, este personaje (Juanflipao) sigue haciendo el ridículo con sus mentiras. Ni la UCO informó de que no había nada delictivo en los choriceos de Begoña, ni el PP se metió con la UCO.
Santi86|@Juanfelipe #72 Cerrar Cuando la UCO informó por 2 veces al juez Peinado de que en lo de la mujer de Sánchez no había nada delictivo, el PP se metió con la UCO y cientos de comentarios en este foro de seguidores de la derecha decían aquello de "de quién depende la UCO, pues eso". Ahora al revés, jajaja. Tremendo Me alegra que apoyes el trabajo de la UCO.
PAUS|@seiya1977 #64 Cerrar @ PAUS # 44 Manifestarse no sirve absolutamente de nada porque los medio "oficiales" dirán que acudieron 5000 personas aunque esté todo Madrid en la calle. Tienen que abrir los ojos de una vez los siete millones de votantes socialistas y ver que no todo vale pero claro, esto es muy complicado. También deberían revolverse internamente los Page, Lambán Lobato, etc y hacer un frente común. Si empieza a haber grietas por dentro quizás el jarrón acabe rompiéndose. Si. En la manifestación de Sol debíamos ser cerca del millón y el gobierno dijo 100.000. La gente se ha aburrido de ir para nada. Pero es que estamos dejando solos a los jueces y a la UCO y mire cómo se las gastan en el gobierno.
Sperman|Con lo que salió ayer, lo que no entiendo es por qué no está ya en la cárcel hoy mismo. Hace 150 años, hoy estaría en el cielo.
007Bond|Leire Díez Castro, esa lumbrera zafia e incompetente que el ínclito Juan Manuel Serrano enchufó en Correos hasta que su sectarismo e incompetencia fue demasiado evidente y clamoroso y la tuvieron que recolocar en Ferraz. Aun resuenan en Correos sus malas artes, mala educación e inoperancia. Lo único que hacía era chupar foto y recorrer España presentando sellos El PSOE siempre con los mejores :)
Santi86|La verdad es que tiene que ser terrorífico encontrarse con esa mujer cara a cara.
QuieroLibertadNoUnP_toAmo|Desde las cloacas del sanchismo haciendo lo que mejor saben.
Efenlekato|Ote Quico ¿puedes escribir en español? Insider, background... si no lo sabes en español mira el diccionario. Defendamos el español que es el idioma que hablamos la mayoría.
atrium|PSOE os huele la lengua a la zona perianal de Pedro, quién os ha visto y quién os ve...
Pato|@oskarclash77 #60 Cerrar @ Pato # 18 Estáis vosotros para dar lecciones. Presente, no pasado, hoy, ahora: Leire Diez prometió al empresario Hamlyn, investigado en la Audiencia Nacional por la trama hidrocarburos (cientos de millones de euros defraudados), que hablaría con la fiscalía para conseguirle un acuerdo si le daba información para acabar con la UCO, y el abogado que la acompañaba le dijo que lo sentaban con la abogacía del Estado... Y si hablamos del pasado, los GAL fue terrorismo de Estado del Psoe con 27 asesinados.
lali|Otro personaje de este sainete??? Viva la guardia civil!!
PAUS|@seiya1977 #71 Cerrar @ PAUS # 56 Todos los que reciben paguitas o tienen algo que tapar. El cambio de régimen les puede incomodar y créeme que son muchos. Si si. Es así.
PAUS|@Juanfelipe #72 Cerrar Cuando la UCO informó por 2 veces al juez Peinado de que en lo de la mujer de Sánchez no había nada delictivo, el PP se metió con la UCO y cientos de comentarios en este foro de seguidores de la derecha decían aquello de "de quién depende la UCO, pues eso". Ahora al revés, jajaja. Tremendo Por Dios JuanFe. Déjelo. De verdad. Es penoso. Al final vais a provocar un levantamiento civil. Estáis locos.
PAUS|Jacobo Teijelo el abogado fontanero según Aldama en A3. Penoso penoso pero penoso. De verdad. Muy penoso.
Aventurero|Tendrá algún ¿ tesoro escondido¿ porque fea es
Cachopista|@PAUS #65 Cerrar @ Romrom # 16 No se lo cree ni usted. Está tía no tiene la posibilidad de llegar a esas personas si no es con ayuda. Creo Qué era pura ironía...
Melvin_Udall|En las cloacas infinitas del PSOE se crian toda clase de ejemplares anti democráticos, sin moral, sin escrúpulos, al servicio de su p amo, dispuestos a destrozar la vida de quien sea, jueces, policías, periodistas, para perpetuarse en el sillón. Si esto no es ya una dictadura nos falta realmente a poco.
Eddystone|Anacleta Agenta Secreta...
easptr|@seiya1977 #64 Cerrar @ PAUS # 44 Manifestarse no sirve absolutamente de nada porque los medio "oficiales" dirán que acudieron 5000 personas aunque esté todo Madrid en la calle. Tienen que abrir los ojos de una vez los siete millones de votantes socialistas y ver que no todo vale pero claro, esto es muy complicado. También deberían revolverse internamente los Page, Lambán Lobato, etc y hacer un frente común. Si empieza a haber grietas por dentro quizás el jarrón acabe rompiéndose. Cierre patronal indefinido hasta que caiga el gobierno.
easptr|Esta señora no tendría que estar detenida e interrogada ya?
Nekanes|Oyéndola hablar es la tipa del Vale !! Entiendo que es cosa del psoe donde todo vale
Juanfelipe|Cuando la UCO informó por 2 veces al juez Peinado de que en lo de la mujer de Sánchez no había nada delictivo, el PP se metió con la UCO y cientos de comentarios en este foro de seguidores de la derecha decían aquello de "de quién depende la UCO, pues eso". Ahora al revés, jajaja. Tremendo
seiya1977|@PAUS #56 Cerrar @ seiya1977 # 39 Pues yo lo dudo. Nadie va a dar la cara por estos sin vergüenzas. Salir a la calle a defender a Sánchez y su panda de mafiosos es jugarte una colleja. Todos los que reciben paguitas o tienen algo que tapar. El cambio de régimen les puede incomodar y créeme que son muchos.
Mafia_Socialista|Ya somos una sucursal VENEZOLANA. Gracias Felonipe por tus servicios a España.
Mafia_Socialista|Felonipe ¿y tu que vas a hacer?...¿nada no?.
Juanfelipe|@ThePlayer #55 Cerrar ¿Es el de los Morancos? jajaja muy bueno
Juanfelipe|Esta mujer es totalmente el prototipo de agente de los servicios sectetos jajaja
Mafia_Socialista|Tenemos un estado fallido, corrupto y totalitario al estilo Venezolano con ciudadanos súbditos anestesiados ... y una jefatura del estado que juró en falso defender la constitución y la unidad territorial y se comporta como un mero títere del gobierno corrupto. Con este panorama y la inminente nacionalización de extranjeros a cambio de votos las espectativas son muy muy pesimistas.
PAUS|@Romrom #16 Cerrar Estoy seguro de que esta fontanera del PSOE quería cargarse al Teniente Coronel de la UCO por su cuenta propia y sin haberlo consultado, ni pedido permiso, ni comentado con aquellos para quienes trabaja, ni recibido instrucción alguna y sin conocimiento por parte de sanchez (como no lo tenía con el enchufe del hermano) ni de bolaños. Es una persona que iba por libre y en el PSOE no sabían nada, ni lo consentían, ni lo compartían. Es más, seguro que sanchez da instrucciones al fiscal general y a la abogacía del Estado para querellarse contra ella, por conspirar contra las fuerzas y cuerpos de seguridad del Estado. Espero ansioso que hoy mismo dé una rueda de prensa para explicar todo esto No se lo cree ni usted. Está tía no tiene la posibilidad de llegar a esas personas si no es con ayuda.
seiya1977|@PAUS #44 Cerrar @ elamargado # 33 Ya. Pero luego hay manifestaciones y todos, ay es que tengo una fiesta. Uy yo imposible que tengo a los niños etc. A mi también me va de qlo pasar la mañana de pie en una manifestación. Y sin embargo voy. Qué menos. Precisamente voy por los hijos. Por su futuro. Manifestarse no sirve absolutamente de nada porque los medio "oficiales" dirán que acudieron 5000 personas aunque esté todo Madrid en la calle. Tienen que abrir los ojos de una vez los siete millones de votantes socialistas y ver que no todo vale pero claro, esto es muy complicado. También deberían revolverse internamente los Page, Lambán Lobato, etc y hacer un frente común. Si empieza a haber grietas por dentro quizás el jarrón acabe rompiéndose.
por7votoselculoroto|Otra corrupta más..! Y cuántos van ya ? Al banquillo con ella. Que cante como las óperas del hermanisimo. Y a investigar su entorno y todo el Psoe al completo. Nido de sanguijuelas y víboras en Ferraz y Moncloa.
Maxd103|Con el Leire Leire con el Leireron esto va camino de un reventón
seiya1977|@Jansiolo #38 Cerrar La cara es el espejo del superamacismo del régimen Sanchista, una transición que la humanidad ya vivió hace 100 años por otro sátrapa llamado Benito, el cual la describió como el cambio del modelo Socialista Internacional al Socialismo Nacional y que publicó en un libro junto con Giovanni Gentile y que se titula "La Dottrina del Fascismo". Espero que terminen igual.
oskarclash77|@Pato #18 Cerrar Ratas de las cloacas del gobierno y del partido, el Psoe y su eterna guerra sucia. Estáis vosotros para dar lecciones.
Chipironet|Otra enchufada, colocada a dedo en empresas públicas por la agencia de colocación Ferraz, S.L.
Diego_Valle_Cia|@Romrom #16 Cerrar Estoy seguro de que esta fontanera del PSOE quería cargarse al Teniente Coronel de la UCO por su cuenta propia y sin haberlo consultado, ni pedido permiso, ni comentado con aquellos para quienes trabaja, ni recibido instrucción alguna y sin conocimiento por parte de sanchez (como no lo tenía con el enchufe del hermano) ni de bolaños. Es una persona que iba por libre y en el PSOE no sabían nada, ni lo consentían, ni lo compartían. Es más, seguro que sanchez da instrucciones al fiscal general y a la abogacía del Estado para querellarse contra ella, por conspirar contra las fuerzas y cuerpos de seguridad del Estado. Espero ansioso que hoy mismo dé una rueda de prensa para explicar todo esto ja ja ja, de verdad te crees toda esa sarta de sandeces? Pues te lo deberias mirar.
manujey|Lo importante es el pan nuestro(suyo).. Lo cobraba ayer, lo sigue cobrando hoy, y quiere como todos seguir cobrando.
PAUS|@seiya1977 #39 Cerrar Alguien más tiene la certeza de que si el PP consigue formar gobierno en las próximas generales podemos ver de nuevo una especie de "Asalto al Capitolio" pero en España?. Pues yo lo dudo. Nadie va a dar la cara por estos sin vergüenzas. Salir a la calle a defender a Sánchez y su panda de mafiosos es jugarte una colleja.
ThePlayer|¿Es el de los Morancos?
PAUS|Audios demoledores. Está señora debe ser arrestada inmediatamente
Valcibion|Cada día me cuesta más distinguir PSOE de maldad.
PAUS|Todo lo que dijo Aldama se está confirmando. Ojo con lo de Delsy que eso si que debe ser tela. Como para que nos echen de Europa. Me juego la mano a que a España está sosteniendo al régimen de Maduro. Pero seguro vaya.
CRN|Camino de Venezuela, muy socialista todo
PAUS|Da igual si esta sinvergüenza no cobraba del PSOE. Peor. Porque ni siquiera pagan a sus matones. Le colocan en puestos públicos como a Jésica para que encima le paguemos la nómina a esta bruja vizca.
valenciano543|Qué triste pasar de ser fontanera del PSOE a "esa persona de la que me habla"
PAUS|Absolutamente impresentable. Todo mi apoyo a la UCO. Estamos todos con vosotros. Esta gente del gobierno es una banda criminal.
Paisdeandovas|Igual que la camorra y la cosa nostra la pedretta tiene en nómina a toda la familia de sus sinvergüenzas
Krishnamurti_98|Pájara. En sentido literal y figurado.
Makanaki10|Esta tipa es el perfil perfecto de charo: socialista, se cree en posesión de la verdad y, por tanto, legitimada para imponer su voluntad a los demás (es, si se fijan, el mismo principio que el de los integristas islámicos), frentista, ignorante (y orgullosa de ser ignorante), con aires de grandeza...en fin, un primor.
PAUS|@elamargado #33 Cerrar @ AndresOD # 5 " salir a la calle??? Totalmente de acuerdo contigo. Pero claro quien pone el cascabel al gato!!! Tu! Yo!! Y sanchez se descojona de todos! Se ríe de nuestra cara! Se acuesta feliz todos los días! Aquí ni oposición, ni el rey ( que esta aquí para defender y proteger a los españoles)aquí es todo comentarios, críticas,etc..aquí NO SE MUEVE NADIE!! ni intelectuales, ni artistas,deportistas, ni funcionarios,ni jueces,etc....Sanchez lo tiene bien atado! Sálvese quien pueda! Ya. Pero luego hay manifestaciones y todos, ay es que tengo una fiesta. Uy yo imposible que tengo a los niños etc. A mi también me va de qlo pasar la mañana de pie en una manifestación. Y sin embargo voy. Qué menos. Precisamente voy por los hijos. Por su futuro.
loqueyotediga|Y que caras de malos tienen todos
Atentoalajugada|Hay que ver la fijación de estas marxistas con la Democracia Popular
solsol|Esta preciosidad pronto estará también "aforrada"
Igi|Lo que se está viendo es que no es un pequeño caso aislado, sino que parece que toda la cúpula del PSOE está involucrada en corrupción a gran escala en varias CCAA, disputaciones, ministerios y gobierno central. No me extraña que el número uno hiciera defensa cerrada de todos, sabe lo que hay lo que supone para él (a él le da igual el PSOE)
seiya1977|Alguien más tiene la certeza de que si el PP consigue formar gobierno en las próximas generales podemos ver de nuevo una especie de "Asalto al Capitolio" pero en España?.
Jansiolo|La cara es el espejo del superamacismo del régimen Sanchista, una transición que la humanidad ya vivió hace 100 años por otro sátrapa llamado Benito, el cual la describió como el cambio del modelo Socialista Internacional al Socialismo Nacional y que publicó en un libro junto con Giovanni Gentile y que se titula "La Dottrina del Fascismo".
Indomito|Este esperpento de mujer , en todos los sentidos , mala por fuera y mala por dentro , arremetiendo contra la guardia civil . Ya han querido destruir a la prensa y a la judicatura , ahora les toca destruir la policía honrada para que esto sea la Venezuela soñada .
Milenial|Cuando el agua suena , es que corre y hay
hasta_mas_arriba|@Romrom #16 Cerrar Estoy seguro de que esta fontanera del PSOE quería cargarse al Teniente Coronel de la UCO por su cuenta propia y sin haberlo consultado, ni pedido permiso, ni comentado con aquellos para quienes trabaja, ni recibido instrucción alguna y sin conocimiento por parte de sanchez (como no lo tenía con el enchufe del hermano) ni de bolaños. Es una persona que iba por libre y en el PSOE no sabían nada, ni lo consentían, ni lo compartían. Es más, seguro que sanchez da instrucciones al fiscal general y a la abogacía del Estado para querellarse contra ella, por conspirar contra las fuerzas y cuerpos de seguridad del Estado. Espero ansioso que hoy mismo dé una rueda de prensa para explicar todo esto En serio ????
000|la cara, espejo del alma. Una mas.
elamargado|@AndresOD #5 Cerrar Hasta cuando vamos a aguantar los españoles sin salir a la calle para parar está autocracia que nos quieren imponer? " salir a la calle??? Totalmente de acuerdo contigo. Pero claro quien pone el cascabel al gato!!! Tu! Yo!! Y sanchez se descojona de todos! Se ríe de nuestra cara! Se acuesta feliz todos los días! Aquí ni oposición, ni el rey ( que esta aquí para defender y proteger a los españoles)aquí es todo comentarios, críticas,etc..aquí NO SE MUEVE NADIE!! ni intelectuales, ni artistas,deportistas, ni funcionarios,ni jueces,etc....Sanchez lo tiene bien atado! Sálvese quien pueda!
bohemi|somos masokas, aguantamos todo, pero estamos atontados son tantas cosas que si la justicia no puede , miedo nos da pues el votante de izdas no lo ve que son los que pueden decirle vayase señor Sanchez
Walden74|Atención dónde ha trabajado esta señora: ENUSA, una empresa del sector de la energía nuclear. Como se entere Pedro y la Ministra guay....Todo muy socialista.
japebe|Atención votonto, que no te engañen, esta tía, PERIODISTA NO ES, SIMPLEMENTE ES PERIOLISTA, COBRANDO DINERO PUBLICO A ES PUERTAS. DIMITE FELON, TODO EL MUNDO MIRA A MONCLOA, ESPERANDO VER ENTRAR EL CAMIÓN DE LA MUDANZA. NO TE OLVIDES, LLEVARTE EL COLCHÓN.
Minombreyapellido|@AndresOD #5 Cerrar Hasta cuando vamos a aguantar los españoles sin salir a la calle para parar está autocracia que nos quieren imponer? Hasta que nos saquen los sindicatos de izquierda a las órdenes del gobi. Es decir, nunca.
Marino2022|@LucioVoreno #1 Cerrar Como buena fontanera, una vez pillada dirá que no es encargada de nadie. Los oficiales de las SS llevaban cianuro en el hueco de una muela. Hoy con negarlo en una comisión de investigación que no vale para nada, se queda en que todo es un bulo de las derechas y tal. Un bulo volando. fontanera?, eso suena a una profesion digna, lo que hace se parece mas al sicariato. Si alguno se cae por la ventana de su casa no me sorprenderia que ella parereciera implicada.
LUVABE|Esa cara dice mucho.
Minombreyapellido|En España la corrupción tiene muchos nombres.
Minombreyapellido|La "ultraderecha" ataca de nuevo los planes de los corruptos?
Pato|Fontanera de los retretes de Moncloa y Ferraz, intentando arreglar a golpes los atascos de porquería sucia.
Mierdocracia|Tiene pinta de ser otra "honrada y trabajadora" como la Bego, quedando por determinar en qué especialidad.
Yespidrombus|El número 1 será muy guapo, pero todo lo que viene detrás en la pesoe tiene aspecto de necesitar usar zapatos con velcro, los cordones ofrecen mucha complicación
JoseGrillo|La Kolda.
Minombreyapellido|"Periodista. Feminista. Educando en igualdad. Existe el paraíso". Así que ¿esta es la verdadera culpable, y mente en la sombra, de la presunta corrupción de Cerdán? No me _Xtraña, por ella cualquier cosa... Y tiene tiene pintas de ser implacable.
omayra67|El socialismo español está mutando al fascismo, como ocurrió con el socialismo italiano de Mussolini en los años 30. Están creando una campaña de acoso y derribo contra los pocos funcionarios dignos que quedan.
Pato|Ratas de las cloacas del gobierno y del partido, el Psoe y su eterna guerra sucia.
PFG62|Respeto a la democracia? ¿Una tipa que según los audios quiere fuera de la UCO al jefe de las investigaciones? Pero lo quiere fuera con malas artes y acude para ello a un defraudador de impuestos que fue descubierto por el propio jefe de UCO. Queda claro el respeto por la democracia que tiene esta señora.
Romrom|Estoy seguro de que esta fontanera del PSOE quería cargarse al Teniente Coronel de la UCO por su cuenta propia y sin haberlo consultado, ni pedido permiso, ni comentado con aquellos para quienes trabaja, ni recibido instrucción alguna y sin conocimiento por parte de sanchez (como no lo tenía con el enchufe del hermano) ni de bolaños. Es una persona que iba por libre y en el PSOE no sabían nada, ni lo consentían, ni lo compartían. Es más, seguro que sanchez da instrucciones al fiscal general y a la abogacía del Estado para querellarse contra ella, por conspirar contra las fuerzas y cuerpos de seguridad del Estado. Espero ansioso que hoy mismo dé una rueda de prensa para explicar todo esto
Aparicio_|Vaya tipa ! .
BochornoPsoes|La maquina del fango. Aquí está.
jumielrodca|Menuda tiparraca !! ,...es capaz de hacer todo lo malo que se pueda pensar ! ,..le miras la cara y se ve el odio y guerracivilismo que tienen la gente del PSOE , ...
GotsaZap|Ella solo aporta su "granito de arena para dignificar a la democracia" ... digamos que igual estaba pensando en un granito de cianuro en el cafe del guardia civil Balas
tienesrazon|Le pido a los socialistas, por favor, que no nos tomen por tontos a los españoles una vez más. Que de una tía que ha sido vive alcaldesa con el PSOE, alto cargo de empresas públicas con el PSOE, que entra y sale de Ferraz como Pepe por su casa, que está en multitud de actos y fotos hasta con Begoña, y que es brazo derecho de Cerdán, digáis que no tiene nada que ver con el PSOE... Por favorrrrr, que a los 6 millones de españoles que os votan les gusta que les digáis tontos pues estupendo, pero un poco de respeto para los 40 millones restantes.
Elgato_Otis|Menuda PÁJARA
Pirulas3|¡¡¡Bellezón!!!
Boson|Con ese careto su pareja tiene un apellido pero que muy apropiado.
7A|Son curiosos los tentáculos de esta panda de degenerados, falsos, sociolistos... Mr Bean, Sanchescu..., esto no para de crecer.., cada día un nuevo engendro. El marioneta de falconetti otra cosa no, pero coleguitas borregos tiene...
LaVerdadTotal|La cara habla sola¿
HighHopes|Los Psoeprano. Tal cual.
Sulrog|Lo de ayer en ferraz fue como si un mafioso cualquiera fuera a una reunión de la mafia a explicar que hizo SU trabajo para mayor gloria de Al Capone. El psoe, o cualquier partido como hizo Mas Madrid con Errejon, puede hacer lo que quiera como montar una investigacion bananera pero ESO no sirve para nada y como con Errejon al final el tipo de turno salio blanqueado. Si quieren investigar como alguien uso las instituciones publicas de fiscalia y abogados del estado para conseguir informacion para DESTRUIR otro organismo publico como es la guardia civil el UNICO camino es DENUNCIARLO a la justicia ¿quien se creen los partidos nombrandose con instructores de algo legal? El problema es que en el psoe NO saben que juez les tocara porque por la parte fiscal no hay problemas con el fiscal general arrodillado al comunismo
Madison|Leire "pa alante", usando la jerga de su amigo Óscar López del PSOE. Esperemos que a Leire la sigan el resto de corruptos, empezando por el jefe.
ADELE_|Una de mis mejores decisiones fue no leer ni responder los comentarios de unoquepasTaba. Al principio lo hacía, pero después entendí su discapacidad y vi que no tenía ningún sentido. Y además nadie le responde.
pilarcardiel|Se resume en pan y circo. Solamente contemplan su ombligo y cómo perpetuarse en el poder. Mientras los problemas reales, los que nos afectan a los ciudadanos de a pié nos los comemos los ciudadanos día tras día, tras día. Recientemente una venezolana me comentaba con tristeza que no podía dar crédito que estuviese viviendo el mismo proceso que vivió en su país de nacimiento diecisiete años atrás.
Madison|Vean Horizonte, en la Cuatro. Flipante la trama que tiene montada el PSOE. Que se haya destapado lo de Leire, no hace más que confirmar todo lo que los periodistas de verdad, han descubierto.
Madison|El nombre de Leire Díez ya lo dio Víctor de Aldama en el programa de Ana Rosa hace meses. Esta señora y el PSOE pueden decir misa pero todos sabemos que negociaba en nombre de los de arriba. Ahora que diga misa si quiere pero no puede tapar la verdad. El PSOE se ha convertido en una mafia al servicio de capo Sánchez, eso es innegable y todo lo que están haciendo para llevarse por delante a jueces y a la UCO es delito.
mazgi31|¿Baja voluntaria temporal, no definitiva. Esto tiene un nombre...?
I_like_fruit|¿La baja voluntaria, dice? Jajajajajajajajajajajajajajaja Claro que sí, guapi
Lakuky|La mafia es el PSOE y Sánchez el capo di capi
