SerHumano|Van del lado de la MAFIA pues.
Discombobulated|Las mociones de censura no están hechas para ganar sí o sí. Inténtelo Sr. Feijóo.
Discombobulated|Si la situación la considera realmente tan grave, tan sobrecogedora, el PP debería presentar una moción de censura y dejarse de palabrería grandilocuente y aspavientos. ¡Venga!
Utopilitologo|Pactos de la Moncloa. Estudia. @river #71 Cerrar @ Utopilitologo # 21 El pacto entre partidos con ideología muy contraria, en las antípodas, solo se ha dado en España con Sánchez ¿Sabes otro caso? Pues ponlo.
franciss|Ya escondiste las siglas del PP en Galicia... no se dan cuenta que Feijóo es al PP lo que Sánchez al PSOE.
Sidi|Yo con este individuo no voy ni a heredar. Menos aun a una supuesta manifestación contra sus socios, tanto en España como en Europa.
Sostenella|Yo lo que pido a todos los partidos que estén en contra de Sánchez, que no nos convoquen a una manifestación en Madrid y luego se olviden. Yo soy de fuera y he estado en las dos grandes que se hicieron, y luego, nada. Lo que pido es que nos convoquen a los españoles a una movilización total, permanente y en toda España, hasta que se convoquen elecciones. Sin violencia, sin agresiones, sin quemar nada, que eso es cosa de zurdos.
Molinos1924|Jajaja, los fachapobres van a una manifestación porque mediante el voto no logran un gobierno de PP. No se dan cuenta de que esta ley electoral, que beneficia los regionalismos, sólo puede cambiarse si PP-PSOE quieren.
Babia|Ni ideas.
Creonte|Núñez Feijóo nunca será presidente. Parte del PSOE ya se está moviendo para desembarazarse de Pedro Sánchez (muchas de las filtraciones son 'fuego amigo') y colocar a García-Page. Si lo logta, sacarán más escaños que el PP y Vox será segunda fuerza política.
Vidaysol|@55manu #168 Cerrar Se equivoca VOX no acudiendo a esa manifestacion, o se une.la derecha, o a este no lo echamos ni despellejado. Entiendo que VOX no se puede hacer una foto con Mazon y Rajoy
Vidaysol|Rajoy fue un pesimo politico pues no supo ver que convocando elecciones posiblemente Sanchez no estaria hoy siendo presidente, Mazon es un pesimo politico pues antepuso su agenda a su responsabilida en unos momentos de maxima gravedad como se demostro con tantas personas fallecidas
Vidaysol|Es un error que este Mazon y Rajoy, el PP deberia esconderlos ya que por diferentes motivos no gustan a la mayoria de la gente que acudira
zertiko|Lo dije hace unos días y lo repito hoy, la fecha es mala (más de 30 grados), y la convocatoria es inoportuna (no es el momento adecuado), no irán más de 250 mil personas en una ciudad como Madrid con más de 5 millones de habitantes.
zertiko|La fractura en la derecha es inevitable, Santiago Abascal quiere seguir aumentando su patrimonio sin trabajar un sólo día en la empresa privada a costa de lo que sea.
Alejanddro|Mejor que no haya españoles
55manu|@DerechonaFracasada #162 Cerrar @ Stopfascismo # 110 Te repito tú comentario como recordatorio.... Al frente de la manifa M. Rajoy el de los sobresueldos en B al otro lado el excolega del narco y en el centro el de las armas de destrucción masiva y creador de los Zaplana, Rato, Matas, Soria, Cascos, el q llevo a la boda de su hija a Correa y al Bigotes. En definitiva el partido cuya sede se pagó con dinero negro. Esos son los de la ejemplaridad. Manda huevos q dijo el otro, el del yak 42. Vaya tropa.. A mi que no me esperen a esta MANIFESTACIÓN mafiosa. Los sobres de Rajoy son la calderilla que dejaron los cuatro del Peugeot en los puticlubs que visitaron
55manu|Se equivoca VOX no acudiendo a esa manifestacion, o se une.la derecha, o a este no lo echamos ni despellejado.
MPP64|@zagal2 #96 Cerrar @ MPP64 # 89 No tiene ningún sentido hacer un cordón sanitario contra un partido constitucional como es VOX. Bueno sí, cuando los demás son desleales a la Constitución y la democracia. En España no hay democracia, hay una partitocracia que es corrupta, impune y cada vez más totalitaria. Que gobierne el PSOErojo o el PSOEazul, en defintiva el PPSOE, da bastante igual. La derecha tuvo mayoría absoluta con el programa de derechas que traicionó el PP de Rajoy y Soraya para hacer la política del PSOE, mantener sus tóxicas leyes ideológicas y no cumplir su programa, elevando los impuestos tanto que el propio Montoro dijo que era más que lo que hubiera hecho Izquierda Unida. No solo es posible, sino lo razonable un gobierno de derechas en España, que necesariamente será con VOX, que ponga fin a la partitocracia criminal. Creo que volverán a sumar más adeptos los contrarios a vox y cualquier pacto con ellos.
elkoletasmorada|Otro fracaso de manifestación. La última se la pegaron. Pero a Núñez no le importa. Son los últimos cartuchos que tiene a ver si Sánchez, por voluntad propia, abandona Moncloa. Si Sanchez termina la legislatura como se prevé, Núñez termina su vida politica.
HOH|Banderas con AYUSO PALANTE jajaja
lerougeetlenoir|ComPPlejos a tope. Este no aprende. Asì ni llegò...ni llegarà.
DerechonaFracasada|@moreno1984 #107 Cerrar Pues yo iré con mi bandera, sr Feijoo. Faltaba más que me dijera como tengo que ir o qué decir. Y el águila también la vas a traer...
DerechonaFracasada|@Stopfascismo #110 Cerrar Al frente de la manifa M. Rajoy el de los sobresueldos en B al otro lado el excolega del narco y en el centro el de las armas de destrucción masiva y creador de los Zaplana, Rato, Matas, Soria, Cascos, el q llevo a la boda de su hija a Correa y al Bigotes. En definitiva el partido cuya sede se pagó con dinero negro. Esos son los de la ejemplaridad. Manda huevos q dijo el otro, el del yak 42. Vaya tropa Te repito tú comentario como recordatorio.... Al frente de la manifa M. Rajoy el de los sobresueldos en B al otro lado el excolega del narco y en el centro el de las armas de destrucción masiva y creador de los Zaplana, Rato, Matas, Soria, Cascos, el q llevo a la boda de su hija a Correa y al Bigotes. En definitiva el partido cuya sede se pagó con dinero negro. Esos son los de la ejemplaridad. Manda huevos q dijo el otro, el del yak 42. Vaya tropa.. A mi que no me esperen a esta MANIFESTACIÓN mafiosa.
DerechonaFracasada|@Madison #151 Cerrar @ DerechonaFracasada # 66 Pues bien que te picas por cuatro verdades bien dichas. No he leído ni un comentario objetivo procedente de alguien de izquierda. Será que se explican mal o no coges la parte.
loqueyotediga|NO NO ALLÁ TÚ QUE TE MANIFIESTAS EL DOMINGO Y PACTAS CON SANCHEZ EL LUNES HIPÓCRITA
AngelCareses|Veo la artillería del psoe disparando a tope. Ya solo queda ser corrupto hediondo o facha. Por supuesto yo facha si eso les pone. Nadie hoy puede ser decente apoyando esta izquierda oficial.
canary2017|@Stopfascismo #8 Cerrar Si Aznar con la mayoría de sus ministros condenados. Jajajajajja. Y M. Rajoy q se lleve a Luis hacemos lo q podemos se fuerte. Esto es una broma. Jajajajjajaja Entonces si la solución no es un cambio en el gobierno,qué se puede hacer?? seguimos para bingo hasta que no quede país?? Sufre usted las condiciones que nos imponen los sociatas del gobierno y sus "socios" independentista,comunistas y pro-etarras?? Es mejor seguir así hasta la desaparición??
Dhesestres|Esto es un verdadero golpe de Estado.Si en un ataque frontal a la Democracia la derecha es incapaz de unirse y todas y cada una de las asociaciones democráticasñ etc Estamos perdidos.
Renolc02|Para que, para que pongais los del PP musica a tope pareciendo mas a una fiesta que una manifestacion. Convocarla en Ferraz o dejar de hacer numeritos.
Ma15|Madrid Central al poder
Madison|@DerechonaFracasada #63 Cerrar @ zorin # 56 tranquilo que luego las cifras las ponen ellos mismos y crece exponencialmente... Asi es la VERDADERA MAFIA de la DERECHONA. no está el rojerío para dar lecciones de fontanería...
Madison|@DOBBY #64 Cerrar Que se apliquen el cuento agarrados los dos de la pancarta. Pues si que dan ejemplo de DEMOCRACIA, Aznar y Rajoy. Este par de dos, si que dan el perfil de MAFIA y la de la frase "Relaxing cup of café con leche in Plaza Mayor" pero de la corrupción del gobierno no dices nada...
Madison|@EL_AVISPERO #70 Cerrar Rajoy en la concentración? Pero si gracias a este cobarde y trolero estamos sufriendo al impresentable de Sánchez. al impresentable de sánchez lo sufrimos por culpa de Yolanda y la tropa de Sumar, por los etarras y por los golpistas.
Madison|@DerechonaFracasada #66 Cerrar @ zagal2 # 61 Ya ha salido la DERECHITA... fantástica.... Esa que no sabe ni cuantos son....... Pues bien que te picas por cuatro verdades bien dichas. No he leído ni un comentario objetivo procedente de alguien de izquierda.
INDELEC|@enriqueyahoo #83 Cerrar VOX está desnortado. Ellos sabrán. Que sigan insultando. los que insultan son los del partido impopular
INDELEC|@Jacobino #81 Cerrar ¿Y Marcial Dorado irá también a la mani contra la mafia? si, con Ábalos, KOLDO, Jenny y Jeremy ah y Del y
Madison|@MenosLamentoyMasAccion #73 Cerrar @ Bevilacqua # 65 Aznar 192? Y los del Yak-42? Todavía hay cuerpos allí de los militares que abandonó en suelo Murieron 62 militares españoles, el ministerio de defensa alquiló la aeronave más barata posible con tripulación de baja cualificación profesional, para traer a casa a los militares. ¡Qué catástrofe de gobierno el de Aznar! ¿y en que te crees que siguen viajando los militares cuando van de misión lustillo? ¿En falcon como sánchez con todas las comodidades? Que no haya vuelto a pasar una desgracia no quita que haya cambiado nada chaval.
Madison|@espantajo #76 Cerrar Ah, también van momias y corruptos... los corruptos se quedan en moncloa
INDELEC|BILDU 1000
INDELEC|@MenosLamentoyMasAccion #62 Cerrar Poca la mafia que tenían montada en Génova 13....que cara tan dura tienen, desvergüenza. El primero con la Gran mentira de la democracia en el 11M el "ha sido ETA", y once de sus ministros procesados y/o encarcelados, creo que Jaume Matas ha dejado la cárcel no hace mucho.. .Y el segundo repartiendo billetes de dinero negro como buen mafioso a todo quiski, además la reforma de lsu propia sede, está pagada con dinero que fue ocultado al fisco. Ambos dostambién fueron mafiosos, con sentencia en firme del la audiencia nacional de España y del tribunal Supremo. Anda que os sepa bueno el pasto de la plaza Colón. pues no veas los etarras matando a mil personas inocentes y socios de Sanchez
Madison|Da risa leer al rojerío ya sin argumentos, recurriendo a la corrupción del PP, pero están tan ciegos que son incapaces de procesar que su amado sánchez es el líder de los fontaneros y que están de "goteras" hasta arriba... Ajo y agua. Cuando te pasas de frenada y haces cosas peores que las que criticabas, te comes las consecuencias. Que aproveche.
INDELEC|@Bevilacqua #65 Cerrar Aznar, 192. Mazón, 228. Ayuso, 7291 Bildu 1000
Madison|@MPP64 #89 Cerrar @ zagal2 # 61 Los votos de los españoles suman lo suficiente como para que sus partidos pacten un cordón sanitario que entierre cualquier opción de gobierno con vox. Cuando el electorado tenga absolutamente claro que el pp no va a pactar con vox es posible que vuelva a sumar mayorías y mientras tanto se va a fosilizar en la oposición. Al electorado socialusta nadie le preguntó si les parecía bien pactar con etarras, golpistas y comunistas, es decir, la peor calaña de España y Sánchez hizo lo que le dio la gana para gobernar y le importó un bledo haber mentido sobre la amnistía o sobre su negativa a pactar con Bildu. Por la misma razón el PP puede pactar con quién le de apetezca. En VOX no hay terroristas, ni golpistas ni antiespañoles. Los fontaneros de moncloa no paran de difamarlos y los votontos socialistas, pues ya se ha visto que se creen todas las patrañas...
INDELEC|@ADELE_ #122 Cerrar @ cyndre # 115 Vox son el presente. Ayer Abascal montó una mani frente a Moncloa y fueron 300 personas. Bueno, "personas", esas cosas que les votan. personas son los que votan a Bildu ? Manarracho
bernardino|Feijoo, vete a la ¿..
Madison|@enriqueyahoo #94 Cerrar Abascal ha perdido la cabeza. No Enrique, obviamente, el que la ha perdido es Pedro Sánchez.
LaSogaIsComing|Un "educador" marroquí violiniza a chica de 15 años en su centro de Murcia. Noticias que no leerás en lo monda...
Madison|@Stopfascismo #110 Cerrar Al frente de la manifa M. Rajoy el de los sobresueldos en B al otro lado el excolega del narco y en el centro el de las armas de destrucción masiva y creador de los Zaplana, Rato, Matas, Soria, Cascos, el q llevo a la boda de su hija a Correa y al Bigotes. En definitiva el partido cuya sede se pagó con dinero negro. Esos son los de la ejemplaridad. Manda huevos q dijo el otro, el del yak 42. Vaya tropa Curiosa la "memoria" selectiva del rojerío, que les impide recordar y citar todos los casos de corrupción del psoe y solamente les parecen censurables los de la derecha, con los que no paean de dar la matraca. Dejan patente lo poco que les preocupa la corrupción en realidad. No puede ser que suendo lo mismo, la de izquierda sea "buena" y la de la derecha "mala".
Dhesestres|Los de Venezuela vienen aqui huyendo del Maduro l porque aun aqui Maduro II no ha logrado todos sus objetivos aunque esta en ello .Se lo vamos a impedir.
Madison|@Paramof #118 Cerrar El PP denunciando mafia! Jajajaja jajajaja Siendo ellos la más grande y aceitada mafia que ha parecido España. Hipócritas.Enumerar casos de corrupción del PP es una tarea prácticamente inabarcable...y justo esta gentuza viene a querer enarbolar la bandera de la lucha contra la corrupción.. tienen la cara de piedra. Feijoo, el cacique gallego que disfrutaba su tiempo de ocio con un narcotraficante viene a querer ser ejemplo...ejemplo de qué??. Montarán su aquelarre y se sentirán "gente de bien" estos impresentables. Huida desesperada hacia adelante del psoe. Si tiramos de hemeroteca, no están los socialistas para dar lecciones de moral a nadie y menos ahora. Los casos de corrupción de la izquierda superan con creces a los de la derecha. Y la hipocresía ya ni te cuento. ¿Cómo era eso que dijeron en la moción de censura a Rajoy? Que querían " regenerar la política, erradicar la corrupción y devolver la confianza de la gente en las instituciones del estado". JAJAJAJA...
Madison|@Nachoruiz #121 Cerrar Entonces van a asistir a la manida M punto Rajoy, el de los sobresueldos que creó la policía patriótica, el amigo del narco y el de las armas de destrucción masiva cuyos ministros acabaron todos imputados. Y la convocan desde una sede pagada en negro. Olé la decencia. Olé la mafia Que te pongas ahora a hablar de Rajoy, cuando el PSOE está hasta las trancas de corrupción, que fue precisanente la excusa para sacar al PP del gobierno, es de traca.
123BWKatyn|Madre de Dios, no me lo puedo creer, toda la secta del PSOE copando los comentarios en defensa del psicópata, alucinante!!
MenosLamentoyMasAccion|@Dhesestres #131 Cerrar La derecha debe unirse mas pronto que tarde o no echaremos a Maduro II de España. claro una lógica aplastante, por eso los que huyen del régimen de Maduro vienen a España y se les da asilo político aquí, cuéntale monsergas a tu suegra.
Dhesestres|La derecha debe unirse mas pronto que tarde o no echaremos a Maduro II de España.
Dhesestres|Hay que estar TODOS a una .Como.en Fuente Ovejuna.Para echar al Satrapa y su sequito de la Moncloa.Todo lo demas sobra.Nos estamos jugando la Democracia.Nos estan robandob libertades. Ademas de las Arcas publicas.
lictor22|Desengañemonos las buenas manifestaciones han sido las de la derecha en MARQUÉS DE URQUIJO. Ahí casi tiré un contenedor al suelo. No me dejó mi hija.
marcameron|¿Que es lo que más cabrearía a los progres en general y a Sánchez en particular? Que fueras a la manifestación. Yo voy, lo tengo clarísimo.
lictor22|Si todo light. No va a haber ni siquiera ideas.
BELASTEGI|@zagal2 #61 Cerrar @ BELASTEGI # 37 Los votos de todos los independentistas en España suman menos que los votos que obtiene VOX. Ahí los tiene bien contados. Está claro que los intereses generales de los españoles no son los de quienes quieren destruir la soberanía de la nación española, a España. La gran mayoría de los españoles, por todas las encuestas se sienten españoles y quieren a España. Cuando desde el gobierno por intereses personales de tener el poder por el poder con los 7 votos que le faltan se favorece las causas de los independentistas mediante cohecho político y a cambio de la impunidad de los enemigos de España, se está gobernando favoreciendo a unas minorías cuyos intereses e ideología son contrarios a los intereses generales de los españoles, los nacionales de España y de la democracia. No son si son,,, ¿Cuáles son exactamente los intereses generales de los españoles? Si VOX son tantos ¿No gobiernan porque no quieren? Si como afirma hay cohecho no sea cómplice ¿A qué espera para ir a los tribunales? Se está gobernando favoreciendo a unas minorías.. La subida del SMI, pensiones, etc ¿Favorece a la minoría?
ADELE_|@Oisinmad2 #120 Cerrar @ Editora # 57 Tenemos un 12% de paro por favor... y no hacen más que llegar inmigrantes, que muchas veces son los que acaban cobrando los RGI, las IMV y tal... Ya está bien. O se mete mano a este mercado laboral disfuncional o en la próxima crisis mundial nos cagamos. Con Rajoy había un 15% de paro. Pero era más bonito, no sé.
zorin|@El_futuro_ya_paso #113 Cerrar @ zorin # 111 Ya hemos visto qué ha pasado en Alemania cuando el PP alemán ha pactado con el PSOE alemán, que han disparado a AfD. En Portugal están teniendo la misma fantástica idea y Chega ya se está preparando para gobernar. Feijóo no es muy listo, cometerá el mismo error. No es de los que aprende de los errores ajenos. Y convocando en solitario la manifestación ha cometido otro. Solo hay que compararla con la que habrá mañana en Sevilla.
Orozko|Hace muy bien Feijoo, las banderitas de España por su simbolismo jacobino, no representan a todos los españoles.
ADELE_|@cyndre #115 Cerrar Rajoy y Aznar son el pasado, no deberían asistir. Bien por VOX al no sumarse, al igual que el PP no se sumó a las mociones de censura que presentaron. Vox son el presente. Ayer Abascal montó una mani frente a Moncloa y fueron 300 personas. Bueno, "personas", esas cosas que les votan.
Nachoruiz|Entonces van a asistir a la manida M punto Rajoy, el de los sobresueldos que creó la policía patriótica, el amigo del narco y el de las armas de destrucción masiva cuyos ministros acabaron todos imputados. Y la convocan desde una sede pagada en negro. Olé la decencia. Olé la mafia
Oisinmad2|@Editora #57 Cerrar @ MalditaPandemia # 11 De momento VOX ha votado EN CONTRA del IMV que cobran los españoles arruinados tras la pandemia, que quedaron embargados de por vida. Ojito a éstos "patriotas" de bandera falsa... Tenemos un 12% de paro por favor... y no hacen más que llegar inmigrantes, que muchas veces son los que acaban cobrando los RGI, las IMV y tal... Ya está bien. O se mete mano a este mercado laboral disfuncional o en la próxima crisis mundial nos cagamos.
Oisinmad2|@Bevilacqua #65 Cerrar Aznar, 192. Mazón, 228. Ayuso, 7291 HAY QUE SER MUY MISERABLE como poco para hacer semejante comentario.
Paramof|El PP denunciando mafia! Jajajaja jajajaja Siendo ellos la más grande y aceitada mafia que ha parecido España. Hipócritas.Enumerar casos de corrupción del PP es una tarea prácticamente inabarcable...y justo esta gentuza viene a querer enarbolar la bandera de la lucha contra la corrupción.. tienen la cara de piedra. Feijoo, el cacique gallego que disfrutaba su tiempo de ocio con un narcotraficante viene a querer ser ejemplo...ejemplo de qué??. Montarán su aquelarre y se sentirán "gente de bien" estos impresentables.
no_hope_so_far|@Stopfascismo #110 Cerrar Al frente de la manifa M. Rajoy el de los sobresueldos en B al otro lado el excolega del narco y en el centro el de las armas de destrucción masiva y creador de los Zaplana, Rato, Matas, Soria, Cascos, el q llevo a la boda de su hija a Correa y al Bigotes. En definitiva el partido cuya sede se pagó con dinero negro. Esos son los de la ejemplaridad. Manda huevos q dijo el otro, el del yak 42. Vaya tropa todo muy antiguo ya. Cambia de discurso. No puedes vivir de las rentas toda la vida . El negro pasado del PP no invalida la protesta de muchos ciudadanos que vamos a acudir porque queremos dejar claro que este gobierno es mafioso, corrupto, mentiroso, manipulador y antidemocrático. E iré sin ser ni del PP no de Vox. Tu puedes seguir con la década anterior pero el futuro ya se juega en otro sitio.
ADELE_|@moreno1984 #107 Cerrar Pues yo iré con mi bandera, sr Feijoo. Faltaba más que me dijera como tengo que ir o qué decir. Pues claro que sí! Esa bandera del aguilucho anima cualquier manifestación.
cyndre|Rajoy y Aznar son el pasado, no deberían asistir. Bien por VOX al no sumarse, al igual que el PP no se sumó a las mociones de censura que presentaron.
Oisinmad2|¿Y por qué no han consensuado una convocatoria desde la sociedad civil?. Era tan fácil hacerlo neutro...No me vale eso de voy de bueno "ma non topo". Si cambia la convocatoria y la democratiza posiblemente acudamos más convencidos.
El_futuro_ya_paso|@zorin #111 Cerrar @ MPP64 # 89 Lo mejor que le pude pasar VOX es que PP y PSOE le hagan un cordon sanitario. La prensa española presta poca atención a lo que pasa por europa. Ya hemos visto qué ha pasado en Alemania cuando el PP alemán ha pactado con el PSOE alemán, que han disparado a AfD. En Portugal están teniendo la misma fantástica idea y Chega ya se está preparando para gobernar. Feijóo no es muy listo, cometerá el mismo error. No es de los que aprende de los errores ajenos.
zagal2|@moreno1984 #107 Cerrar Pues yo iré con mi bandera, sr Feijoo. Faltaba más que me dijera como tengo que ir o qué decir. Te lo dice, claro que sí. Y que te vacunes a la fuerza porque él lo manda y si no lo haces te multa con hasta 600.000 euros. Solo por saltarte el confinamiento ya te multaba con 60.000 euros. Que la vacunación obligatoria fue la conocida como Ley de Salud Feijóo que obligó en Galicia hasta que se lo tiró abajo el Tribunal Constitucional por recurso de VOX. Feijóo es un totalitario como cualquier socialista que se precie.
zorin|@MPP64 #89 Cerrar @ zagal2 # 61 Los votos de los españoles suman lo suficiente como para que sus partidos pacten un cordón sanitario que entierre cualquier opción de gobierno con vox. Cuando el electorado tenga absolutamente claro que el pp no va a pactar con vox es posible que vuelva a sumar mayorías y mientras tanto se va a fosilizar en la oposición. Lo mejor que le pude pasar VOX es que PP y PSOE le hagan un cordon sanitario. La prensa española presta poca atención a lo que pasa por europa.
Stopfascismo|Al frente de la manifa M. Rajoy el de los sobresueldos en B al otro lado el excolega del narco y en el centro el de las armas de destrucción masiva y creador de los Zaplana, Rato, Matas, Soria, Cascos, el q llevo a la boda de su hija a Correa y al Bigotes. En definitiva el partido cuya sede se pagó con dinero negro. Esos son los de la ejemplaridad. Manda huevos q dijo el otro, el del yak 42. Vaya tropa
enriqueyahoo|@roky2012 #106 Cerrar @ enriqueyahoo # 94 Qué paso en el 2020 con la noción de censura propuesta por VOX o es que se os va la memoria Era imposible de ganar. Abascal ha perdido la cabeza, pero ya definitivamente.
moreno1984|@JhonnyGin #42 Cerrar Vergüenza debería darles a Rajoy y Aznar salir a la calle siquiera después del mal que han hecho... ¿por qué habría que darles vegüenza si no han hecho nada? Bueno, comparado con lo que ha hecho el PSOE no tienen nada por lo que pedir disculpas.
moreno1984|Pues yo iré con mi bandera, sr Feijoo. Faltaba más que me dijera como tengo que ir o qué decir.
roky2012|@enriqueyahoo #94 Cerrar Abascal ha perdido la cabeza. Qué paso en el 2020 con la noción de censura propuesta por VOX o es que se os va la memoria
Sonia5|Señores del PP, menos manifestaciones simplonas y dejen de pactar absolutamente todo con el PSOE en el Parlamento europeo... El problema de España no son los votantes del PSOE sino los del PP, siempre engañados por su propio partido y yo he votado 30 años al PP pero ya no me engañan más.
Jgre|@Bevilacqua #65 Cerrar Aznar, 192. Mazón, 228. Ayuso, 7291 Sanchez 125.000
ADELE_|@PorElMundo_sin_censores #99 Cerrar @ ADELE_ # 93 Otra vez por aquí. ¿A cuanto te pagan el comentario en Ferraz? Señor, ya le he explicado varias veces que aquí podemos comentar todos: ustedes, y nosotros los demócratas también. ¿Lo entiende? No, Cara al sol no, que si lo entiende.
jricharte1970|@Bevilacqua #65 Cerrar Aznar, 192. Mazón, 228. Ayuso, 7291 pso€: más de 3000 en su golpe de Estado del 34 en Asturias.
Dartakan|Mientras PP y Vox, no hagan,piña,Sánchez,brinda con chámpam¿ni moción de censura,ni elecciones¿.mucho BLA BLA BLA, y a la hora dela verdad,PP Y VOX cada uno por su lado,y Sánchez,una vez más , con la Caroña nacionalista, mayoría.
Palmeto|Feijoo, eres un bostezo.
PorElMundo_sin_censores|@ADELE_ #93 Cerrar Mazón anuncia que también asistirá a la manifestación. Eso sí, doce horas más tarde, él va a su ritmo. Otra vez por aquí. ¿A cuanto te pagan el comentario en Ferraz?
PorElMundo_sin_censores|Haciendo horas extra los secuaces de Ferraz.
zorin|Convocan una manifestacion en solitario y critican a los que no se une. No aprenden. En otra noticias vemos que mañana en Sevilla hay una manifestacion contra el rearme. ¿Y quién la ha convocado? Pues una plataforma formada por 40 colectivos. A la Señora Belarra y alguno de IU los veremos en la cabecera.
zagal2|@MPP64 #89 Cerrar @ zagal2 # 61 Los votos de los españoles suman lo suficiente como para que sus partidos pacten un cordón sanitario que entierre cualquier opción de gobierno con vox. Cuando el electorado tenga absolutamente claro que el pp no va a pactar con vox es posible que vuelva a sumar mayorías y mientras tanto se va a fosilizar en la oposición. No tiene ningún sentido hacer un cordón sanitario contra un partido constitucional como es VOX. Bueno sí, cuando los demás son desleales a la Constitución y la democracia. En España no hay democracia, hay una partitocracia que es corrupta, impune y cada vez más totalitaria. Que gobierne el PSOErojo o el PSOEazul, en defintiva el PPSOE, da bastante igual. La derecha tuvo mayoría absoluta con el programa de derechas que traicionó el PP de Rajoy y Soraya para hacer la política del PSOE, mantener sus tóxicas leyes ideológicas y no cumplir su programa, elevando los impuestos tanto que el propio Montoro dijo que era más que lo que hubiera hecho Izquierda Unida. No solo es posible, sino lo razonable un gobierno de derechas en España, que necesariamente será con VOX, que ponga fin a la partitocracia criminal.
Edgar16|Feijóo cree que la manifestación le va a hacer presidente de España. Está muy equivocado, eso solo sirve para achicharrarse a pleno sol. A Sánchez hay que echarle a patadas, pero en las urnas. Y él, lamentablemente, mientras siga como jefecillo de la oposición, no lo va a conseguir.
enriqueyahoo|Abascal ha perdido la cabeza.
ADELE_|Mazón anuncia que también asistirá a la manifestación. Eso sí, doce horas más tarde, él va a su ritmo.
TatoDulanci|Rajoy + Casado = Feijóo. Con tanta cobardía y tanto complejo de inferioridad lo normal sería NO nacer.
Detergente|Por decencia el capo debe dimitir para que la ciudadanía vote libremente si quiere que la higiene democrática vuelva a al país sin mafiosas cloacas,
zagal2|@ADELE_ #67 Cerrar @ zagal2 # 54 Pues Ayuso no fue la más votada en 2019 y gobernó. Hala, al rincón de pensar. Una doble vuelta sería una forma interesante de resolver el problema. El inconveniente es que hacer votar dos veces, puede que sea válido para las generales pero una demasía que puede provocar abstención por aburrimiento en las autonómicas y municipales. Además de su mayor coste.
MPP64|@zagal2 #61 Cerrar @ BELASTEGI # 37 Los votos de todos los independentistas en España suman menos que los votos que obtiene VOX. Ahí los tiene bien contados. Está claro que los intereses generales de los españoles no son los de quienes quieren destruir la soberanía de la nación española, a España. La gran mayoría de los españoles, por todas las encuestas se sienten españoles y quieren a España. Cuando desde el gobierno por intereses personales de tener el poder por el poder con los 7 votos que le faltan se favorece las causas de los independentistas mediante cohecho político y a cambio de la impunidad de los enemigos de España, se está gobernando favoreciendo a unas minorías cuyos intereses e ideología son contrarios a los intereses generales de los españoles, los nacionales de España y de la democracia. Los votos de los españoles suman lo suficiente como para que sus partidos pacten un cordón sanitario que entierre cualquier opción de gobierno con vox. Cuando el electorado tenga absolutamente claro que el pp no va a pactar con vox es posible que vuelva a sumar mayorías y mientras tanto se va a fosilizar en la oposición.
Nuda|Vienen con la misma ilusión...de no hacer nada. La tradición se respeta
La_Chelo|@Jacobino #81 Cerrar ¿Y Marcial Dorado irá también a la mani contra la mafia? Si , lleva los detalles del novio
ADELE_|Una manifestación sin banderas (franquistas) no es una manifestación.
Voxamnistiayreferendumpa2anos|Por qué VOX, se tiene que sumar con ustedes si no quiere, de todas formas la culpa de 4 años más de este desastre de legislatura si se le puede llamar asín , con este genocida es de una del PP llamada GUARDIOLA....!!!
enriqueyahoo|@Bevilacqua #65 Cerrar Aznar, 192. Mazón, 228. Ayuso, 7291 Pedro Sánchez 130.000
enriqueyahoo|VOX está desnortado. Ellos sabrán. Que sigan insultando.
river|El PP critica a VOX, VOX crítica al PP, y en La Moncloa se están muriendo de la risa.
Jacobino|¿Y Marcial Dorado irá también a la mani contra la mafia?
Jacobino|@ADELE_ #38 Cerrar Se confirma que Ayuso liderará la manifestación con un pecho al aire. La libertad guiando al pueblo. Jajaja yo no la votaba ni en pintura pero he de reconocer que no esta mal para depende que cosa.
La_Chelo|Alberto te estás quedando solo , Lady Vermut pa lante , el número 2 de interior con Rajoy pa lante , Prada el de Aguirre pa lante , Peinado ya no sabe que investigar , los radicales de la UCO van a ir pa lante , menuda semanita Albertiño y los buitres de VOX que ya huelen la carroña a la espera .
Jacobino|¿Este Rajoy será el mismo que aparece en la "libretita"de Bárcenas como M.Rajoy?
CaballeroNegro|Sería mejor que el PP pidiera la destitución de Sánchez y de los miembros del Gobierno implicados. Pedir nuevas elecciones no es realista con el Parlamento que hay, y las manifestaciones Sánchez se las pasa por el arco del triunfo, pero si los cargos políticos menores se huelen que no van a pisar moqueta de nuevo en el futuro en mucho tiempo igual se mueve algo en el PSOE.
espantajo|Ah, también van momias y corruptos...
MenosLamentoyMasAccion|@Hamman75 #68 Cerrar Ojalá se uniera Felipe González, creo que toca Felipe González, ése que amnistio al golpista Armada y organizó el terrorismo de estado llamado GAL EL pues venga con los fachitas a la plaza de Colón en sin problemas.
MenosLamentoyMasAccion|@ADELE_ #67 Cerrar @ zagal2 # 54 Pues Ayuso no fue la más votada en 2019 y gobernó. Hala, al rincón de pensar. toma ya, buen zasca al Zagalico! Es cierto que ganó las elecciones Gabilondo.
MenosLamentoyMasAccion|@Bevilacqua #65 Cerrar Aznar, 192. Mazón, 228. Ayuso, 7291 Aznar 192? Y los del Yak-42? Todavía hay cuerpos allí de los militares que abandonó en suelo Murieron 62 militares españoles, el ministerio de defensa alquiló la aeronave más barata posible con tripulación de baja cualificación profesional, para traer a casa a los militares. ¡Qué catástrofe de gobierno el de Aznar!
0666|Dos razones más para no perder el tiempo.
river|@Utopilitologo #21 Cerrar @ river # 17 El Pacto entre partidos democráticos, es tan viejo como la democracia. Encuentra una papelera y tira allí tu .... El pacto entre partidos con ideología muy contraria, en las antípodas, solo se ha dado en España con Sánchez ¿Sabes otro caso? Pues ponlo.
EL_AVISPERO|Rajoy en la concentración? Pero si gracias a este cobarde y trolero estamos sufriendo al impresentable de Sánchez.
MenosLamentoyMasAccion|@GCQ #52 Cerrar Espero que fumiguen después por donde pase el elemento de la imagen desde luego, tiene cara decrépito endiablado el tipo. Recientemente ha dicho que Israel tiene que terminar el trabajo en Gaza, entre otras lindezas... todavía sigue buscando armas de destrucción masiva en Irak y a los etarras del 11-M, lleva frustrado media vida.y así es, un tipo amargado.
Hamman75|Ojalá se uniera Felipe González, creo que toca
ADELE_|@zagal2 #54 Cerrar @ ADELE_ # 41 En una democracia gobiernan los más votados, según lo decidan los votos ciudadanos. El voto de cada ciudadano vale lo mismo, sin que se permita a las minorías, contrarias a los intereses generales de los españoles y de la nación, imponer su modelo de Estado a las mayorías por defectos del diseño del régimen como el actual, cuyas costuras han reventado. Se ha impuesto un sistema que gobierna por el solo interés personal del poder por el poder y para las minorías disruptivas contrarias al sentir de la mayoría, cambiando el Estado sin consultar a la población, en una degeneración de las instituciones cada vez más totalitaria. El espectáculo de la partitocracia aforada, privilegiada, desmesurada, corrupta, enriquecida e impune es obsceno, las clases medias empobrecidas y dependientes. Se impide a los ciudadanos expresarse con referendums durante la legislatura en las cuestiones de su interés para controlar los excesos del actual régimen que permite tiranos. Pues Ayuso no fue la más votada en 2019 y gobernó. Hala, al rincón de pensar.
DerechonaFracasada|@zagal2 #61 Cerrar @ BELASTEGI # 37 Los votos de todos los independentistas en España suman menos que los votos que obtiene VOX. Ahí los tiene bien contados. Está claro que los intereses generales de los españoles no son los de quienes quieren destruir la soberanía de la nación española, a España. La gran mayoría de los españoles, por todas las encuestas se sienten españoles y quieren a España. Cuando desde el gobierno por intereses personales de tener el poder por el poder con los 7 votos que le faltan se favorece las causas de los independentistas mediante cohecho político y a cambio de la impunidad de los enemigos de España, se está gobernando favoreciendo a unas minorías cuyos intereses e ideología son contrarios a los intereses generales de los españoles, los nacionales de España y de la democracia. Ya ha salido la DERECHITA... fantástica.... Esa que no sabe ni cuantos son.......
Bevilacqua|Aznar, 192. Mazón, 228. Ayuso, 7291
DOBBY|Que se apliquen el cuento agarrados los dos de la pancarta. Pues si que dan ejemplo de DEMOCRACIA, Aznar y Rajoy. Este par de dos, si que dan el perfil de MAFIA y la de la frase "Relaxing cup of café con leche in Plaza Mayor"
DerechonaFracasada|@zorin #56 Cerrar Convocar la manifestación en solitario es un error. No aprenden. tranquilo que luego las cifras las ponen ellos mismos y crece exponencialmente... Asi es la VERDADERA MAFIA de la DERECHONA.
MenosLamentoyMasAccion|Poca la mafia que tenían montada en Génova 13....que cara tan dura tienen, desvergüenza. El primero con la Gran mentira de la democracia en el 11M el "ha sido ETA", y once de sus ministros procesados y​/o encarcelados, creo que Jaume Matas ha dejado la cárcel no hace mucho.. .Y el segundo repartiendo billetes de dinero negro como buen mafioso a todo quiski, además la reforma de lsu propia sede, está pagada con dinero que fue ocultado al fisco. Ambos dostambién fueron mafiosos, con sentencia en firme del la audiencia nacional de España y del tribunal Supremo. Anda que os sepa bueno el pasto de la plaza Colón.
zagal2|@BELASTEGI #37 Cerrar @ zagal2 # 28 ¿Queremos? ¿Cuántos? ¿En qué consiste exactamente la verdadera democracia? ¿Cuáles son exactamente los intereses generales de los españoles? Los votos de todos los independentistas en España suman menos que los votos que obtiene VOX. Ahí los tiene bien contados. Está claro que los intereses generales de los españoles no son los de quienes quieren destruir la soberanía de la nación española, a España. La gran mayoría de los españoles, por todas las encuestas se sienten españoles y quieren a España. Cuando desde el gobierno por intereses personales de tener el poder por el poder con los 7 votos que le faltan se favorece las causas de los independentistas mediante cohecho político y a cambio de la impunidad de los enemigos de España, se está gobernando favoreciendo a unas minorías cuyos intereses e ideología son contrarios a los intereses generales de los españoles, los nacionales de España y de la democracia.
DerechonaFracasada|DERECHONA no perdáis el tiempo, esperar hasta las próximas elecciones. Eso es la democracia y respetarla.
DerechonaFracasada|La VERDADERA MAFIA está en el PARTIDO POPULAR y VOX.... Pagar facturas falsas las obras de su cede central. Cargarse la CAJA de las PENSIONES CAJA B La mentira de la guerra de IRAK. La mentira del atentado de BARAJAS MAZON y su gran VENTORRO... En fin ahí en esa manifestación no me van a encontrar con la MAFIA de la DERECHONA.
Deotradimension|Mafiosos contra mafiosos, todos con el lema: ¡"Y tu más"! Y los borregos pensando: estos son los buenos, aquellos son los malos. País de pandereta!!!
Editora|@MalditaPandemia #11 Cerrar Que pasa que en España no hay democracia? acaso no hemos votado libremente? o lo que sucede es que no os gusta lo que se ha votado? desde que el PP no llego al poder siguen con el mantra de gobierno ilegítimo, por lo visto los únicos legítimos son ellos, que son seres de luz y si estuvieran en el gobierno lo harían todo tan bien que a los españoles nos daría para tener un par de chalets a cada uno, venga ya, no engañáis a nadie, ya sabemos que es lo que hacéis cuando llegáis al gobierno, este gobierno que tenemos no será perfecto, pero gobiernan mucho mejor que lo que lo hicisteis vosotros, y no pongo ejemplos porque no me llegan los caracteres. De momento VOX ha votado EN CONTRA del IMV que cobran los españoles arruinados tras la pandemia, que quedaron embargados de por vida. Ojito a éstos "patriotas" de bandera falsa...
zorin|Convocar la manifestación en solitario es un error. No aprenden.
divinopoeta1|Rajoy que poca Vergüenza de aparecer en algo. Ni se defendió en su mocion prefirió comer bien y beber ajeno a lo que pasaba y por su culpa y no convocar elecciones que habría ganado ocurrió lo que él sabía y como bien pusilánime gallego que es ni dio la cara porque es un vagazo de tomo y lomo. Si tuviera vergüenza estaría debajo de una piedra bien escondido.
zagal2|@ADELE_ #41 Cerrar @ zagal2 # 28 Y exigimos que, en esa nueva democracia, gobiernen siempre PP y Vox. Ya está bien que a veces gobiernen unos y otras veces otros, eso no nos gusta. En una democracia gobiernan los más votados, según lo decidan los votos ciudadanos. El voto de cada ciudadano vale lo mismo, sin que se permita a las minorías, contrarias a los intereses generales de los españoles y de la nación, imponer su modelo de Estado a las mayorías por defectos del diseño del régimen como el actual, cuyas costuras han reventado. Se ha impuesto un sistema que gobierna por el solo interés personal del poder por el poder y para las minorías disruptivas contrarias al sentir de la mayoría, cambiando el Estado sin consultar a la población, en una degeneración de las instituciones cada vez más totalitaria. El espectáculo de la partitocracia aforada, privilegiada, desmesurada, corrupta, enriquecida e impune es obsceno, las clases medias empobrecidas y dependientes. Se impide a los ciudadanos expresarse con referendums durante la legislatura en las cuestiones de su interés para controlar los excesos del actual régimen que permite tiranos.
RecensuradodElMundo|@JoseJuanMartinez #50 Cerrar Mafia el PP, Mafia PSOE, Mafia Sumar y Podemos. A los españoles solo les queda una via decente, se llama " Falange ". Si, la que tengo entre las piernas.
GCQ|Espero que fumiguen después por donde pase el elemento de la imagen
Vilanis|Feijoo aun no se ha enterado que el PSOE terminara la legislatura si o si. El PP quiere terminar con la corrupción política de este país?, donde están sus medidas?, o es que lo que le molesta es que estén robando los otros y ellos no puedan?
JoseJuanMartinez|Mafia el PP, Mafia PSOE, Mafia Sumar y Podemos. A los españoles solo les queda una via decente, se llama " Falange ".
ADELE_|@Peacemakerr #44 Cerrar Yo quiero ver a Felipe Gonzalez, A Alfonso Guerra, a Lamban y al Page! Ya está bien de dobles juegos! Tienen que renunciar a ser militantes de un partido mafioso y sanchista! El PSOE ya no existe! ¿Echa usted de menos el PSOE de Alfonso Guerra, señor? Pues es usted el único.
pedrodiablo|@Peacemakerr #44 Cerrar Yo quiero ver a Felipe Gonzalez, A Alfonso Guerra, a Lamban y al Page! Ya está bien de dobles juegos! Tienen que renunciar a ser militantes de un partido mafioso y sanchista! El PSOE ya no existe! Entonces el PP tampoco existe porque mienten más que hablan porque dijeron que jamás en la vida se unirían con la Ultraderecha de Vox y ahí están los dos haciendo el paripé.
antnnn|Motivo suficiente para ni acercarse con esta parejita,.... obligada asistencia para sus afiliados y cargos políticos, lo llevan en el sueldo.
Fegoms|Aznar se equivocó con Rajoy, del que casi todos hablan mal en estos foros y, en las primarias que había ganado Soraya en su primera fase, presionó para que en la fase de compromisarios ganase Casado, del que casi todos hablan mal en estos foros. Tras echar a Casado, era precipitado postular a Ayuso en ese congreso extraordinario que ganó Feijoo. Por si no lo saben, Feijoo es ese señor del que casi todos hablan mal en estos foros. En fin, si tantas ganas de cambio tienen los votantes madrileños del PP, que pidan que se presente Ayuso como candidata para reemplazar a Feijoo en el próximo congreso. Hombre, se presenta J. Luis Bayo, al que casi nadie conoce, y resulta que no se presenta Ayuso, teniendo el apoyo de Aznar, la Espe, Cayetana y Losantos con sus 800.000 devotos diarios. Los ayusistas debieran aprovechar la manifestación del día 8 para pedirle que sea califa en lugar del califa .Sería la cuarta jefatura del PP en 7 años, que no está mal.
ADELE_|@JLlamazares #43 Cerrar Feijoo, no te enteras ni del nodo. Una oposición de pandereta. Si está tan mal, "ten lo que tengas que tener" (mazonazo) y convoca una moción de censura. Si no lo haces porque la piensas perder, será por algo, habrá una representación de españoles que no la apoyan, y recurres a llorar, a la pataleta y a querer lograr el gobierno en la calle, no en la política. Ah, que tú no gobiernas porque no quieres... Una moción de censura como las dos que convocó Vox, que no sirvieron para nada? O una distinta?
Peacemakerr|Yo quiero ver a Felipe Gonzalez, A Alfonso Guerra, a Lamban y al Page! Ya está bien de dobles juegos! Tienen que renunciar a ser militantes de un partido mafioso y sanchista! El PSOE ya no existe!
JLlamazares|Feijoo, no te enteras ni del nodo. Una oposición de pandereta. Si está tan mal, "ten lo que tengas que tener" (mazonazo) y convoca una moción de censura. Si no lo haces porque la piensas perder, será por algo, habrá una representación de españoles que no la apoyan, y recurres a llorar, a la pataleta y a querer lograr el gobierno en la calle, no en la política. Ah, que tú no gobiernas porque no quieres...
JhonnyGin|Vergüenza debería darles a Rajoy y Aznar salir a la calle siquiera después del mal que han hecho...
ADELE_|@zagal2 #28 Cerrar La corrupta partitocracia del PPSOE es en sí misma la Mafia. Queremos una democracia verdadera en España. Hay que cambiar el régimen del 78 con nueva Constitución y leyes orgánicas que aseguren una democracia verdadera y el fin de la sobredimensionada casta política, tan inútil como corrupta, capaz de abandonar al pueblo español en una catástrofe, prohibiendo su rescate y socorro con los medios que había disponibles y que nos habían ofrecido, e imponer la Agenda 2030 para beneficio de globalistas extranjeros que arruinan los sectores económicos de los españoles favoreciendo el decrecimiento económico de las clases medias. Gobiernan con los enemigos de España, siempre cediendo ante las minorías separatistas, sin patriotismo y sin tener en cuenta los intereses generales de los españoles y los nacionales de España. Y exigimos que, en esa nueva democracia, gobiernen siempre PP y Vox. Ya está bien que a veces gobiernen unos y otras veces otros, eso no nos gusta.
pedrodiablo|Espero que el señor Aznar ,Rajoy,y Feijóo vayan a la Manifestación con el Martillo que hicieron desaparecer las pruebas al Juez de la trama de corrupción de la cúpula del PP, porque entonces esa manifestación sería una gran Mafia ilegal.
REEL|@Quetevotetxapapote #6 Cerrar ¿Otro "trifachito" de Colón? El resultado que les dió el anterior fue más bien nefasto: Cs fuera de la política y Casado fulminado. Feijóo, cuidadin... Por lo que se ve, prefieres el "trifachito" que actualmente nos desgobierna...
ADELE_|Se confirma que Ayuso liderará la manifestación con un pecho al aire. La libertad guiando al pueblo.
BELASTEGI|@zagal2 #28 Cerrar La corrupta partitocracia del PPSOE es en sí misma la Mafia. Queremos una democracia verdadera en España. Hay que cambiar el régimen del 78 con nueva Constitución y leyes orgánicas que aseguren una democracia verdadera y el fin de la sobredimensionada casta política, tan inútil como corrupta, capaz de abandonar al pueblo español en una catástrofe, prohibiendo su rescate y socorro con los medios que había disponibles y que nos habían ofrecido, e imponer la Agenda 2030 para beneficio de globalistas extranjeros que arruinan los sectores económicos de los españoles favoreciendo el decrecimiento económico de las clases medias. Gobiernan con los enemigos de España, siempre cediendo ante las minorías separatistas, sin patriotismo y sin tener en cuenta los intereses generales de los españoles y los nacionales de España. ¿Queremos? ¿Cuántos? ¿En qué consiste exactamente la verdadera democracia? ¿Cuáles son exactamente los intereses generales de los españoles?
REEL|Democracia, por supuesto, pero ni la del PSOE ni la del PP... A ver qué otro partido sabría respetar auténticamente una democracia... Ya, no hay ninguno.
YoungGuns|El mejor presidente de la democracia de España, nos llevó muy alto, GRACIAS. Junto al segundo mejor presidente, nos saco del abismo al que ZP nos llevaba, GRACIAS. Hoy YA estamos en un abismo social , económico, institucional, con el gobierno más corrupto, más antiespañol, más inepto. SÁNCHEZ DIMISIÓN
pelotuyo|7291 PA LANTE
pelotuyo|QUE VAYA RAJOY Y AZNAR ? PUES FALTA EL NARCO AMIGO DE FEIJOO
pelotuyo|AYUSO PALANTE
observarlo|El PP perdió la brújula hace mucho, bandazos, ocurrencias, campañas enormes con periodismo entregado en crear grandes biombos para ocultar sus miserias. El PP está desapareciendo ante nuestros ojos, lo avisé hace meses que es una máquina electoral de poder, nada más, porque Feijóo lo ha hundido, estallan las costuras de tanta presión interna, que Feijóo impide todo debate interno... los pierde, sólo quiere buenas fotos y ovaciones... ha sido letal... y juega sucio colocando el Congreso del PP cuando peor es para Ayuso, siempre juega sucio, como en Galicia. Hoy en Baleares el PP se ha entregado a Vox, en Murcia implora a Vox, en Extremadura es que Vox los desprecia... Estos partidos conservadores desaparecen en todos sitios, aquí a peor, que tan mal está que recula 25 años atrás mirándose en Aznar... es la debacle total, el PP está fatal.
ADELE_|"El Retiro cierra a partir de las 18.00 por rachas de viento y altas temperaturas el día de la inauguración de la Feria del Libro Según el último boletín extraordinario de la Aemet para la capital, se esperan rachas que alcanzarán máximos de 55 km por hora". Bueno, menos mal que en Madrid hacen caso a la AEMET. No como Mazón, que pasó mogollón.
ADELE_|Y Mazón? Me da un poco de miedo ese hombre.
zagal2|La corrupta partitocracia del PPSOE es en sí misma la Mafia. Queremos una democracia verdadera en España. Hay que cambiar el régimen del 78 con nueva Constitución y leyes orgánicas que aseguren una democracia verdadera y el fin de la sobredimensionada casta política, tan inútil como corrupta, capaz de abandonar al pueblo español en una catástrofe, prohibiendo su rescate y socorro con los medios que había disponibles y que nos habían ofrecido, e imponer la Agenda 2030 para beneficio de globalistas extranjeros que arruinan los sectores económicos de los españoles favoreciendo el decrecimiento económico de las clases medias. Gobiernan con los enemigos de España, siempre cediendo ante las minorías separatistas, sin patriotismo y sin tener en cuenta los intereses generales de los españoles y los nacionales de España.
Bevilacqua|Es verdad, Aznar, Rajoy, Feijoo. Esta mafia contra la democracia de nuestro gobierno!!!!
Detergente|Por decencia el capo debe dimitir para que la ciudadanía vote libremente si quiere que la higiene democrática vuelva a al país sin mafiosas cloacas,
Yonoencajo|¿Una hora para abordar todos los temas? O lo entiendo mal o esto es una tomadura de pelo. ¿Qué van consensuar en una hora? Lo único que podría resultar fructífero sería encerrarlos sin comida ni agua hasta que llegaran a un acuerdo sobre todos los temas. Pero no: hacemos el viajecito al país catalán; saludamos a sus autoridades; permitimos que silben al rey; nos reunimos una hora, y salimos diciendo que no ha habido acuerdo porque los otros son unos intolerantes. Así está el patio.
Masolta|Sin ánimo de minusvalorarse la entusiástica colaboración de la Sra. Armengol (quien accedió al cargo mostrando entre los dientes el carnet del partido) creo que no hay que complicarse tanto la vida.Quien salva a Sánchez no es la dilación hasta después del verano.Es el transcurso del tiempo porque entre hoy y su comparecencia (si es que comparece) habrán aflorado otros muchos pestilentes asuntos que harán que este se olvide.Táctica que le ha dado excelentes resultados.
jaumequalsevol|Esto es periodismo objetivo, la conferencia es un fracaso... antes de llevarse a cabo.
Silver|@arevacos #47 Cerrar Quien habla de mafia quienes es desde hace años la mafia mas productiva de España desde hace décadas. En el partido socialista claro que hay mafiosos ,como todos aquellos estamentos ,tanto estatales como privados que pululan por nuestro país. Prueba de ello es que hasta la Reina María Cristina era la mayor mafiosa de España en el siglo diecinueve, pues cobraba mordidas de todo lo que se movía en nuestro país. Que yo sepa actualmente el PSOE no tiene encarcelados dirigentes como el PP ,Así dejar de escupir al cielo por que de seguro os cae en la jeta, de todas todas.Feijoo ya no sabe que inventarse junto con sus secuaces para desbancar a Sánchez y alzarse con el santo y la limosna, sabedor que su tiempo se ha acabado y Sánchez es un muerto muy vivo. Porque cada vez que encarcelan a un socialista corrupto...viene el del "polvo (en la toga...no el blanco)" y lo indulta
XXXALMXXX|@arevacos #47 Cerrar Quien habla de mafia quienes es desde hace años la mafia mas productiva de España desde hace décadas. En el partido socialista claro que hay mafiosos ,como todos aquellos estamentos ,tanto estatales como privados que pululan por nuestro país. Prueba de ello es que hasta la Reina María Cristina era la mayor mafiosa de España en el siglo diecinueve, pues cobraba mordidas de todo lo que se movía en nuestro país. Que yo sepa actualmente el PSOE no tiene encarcelados dirigentes como el PP ,Así dejar de escupir al cielo por que de seguro os cae en la jeta, de todas todas.Feijoo ya no sabe que inventarse junto con sus secuaces para desbancar a Sánchez y alzarse con el santo y la limosna, sabedor que su tiempo se ha acabado y Sánchez es un muerto muy vivo. , ahora no toca hablar del pasado, porque el PP ya ha pagado y está en la oposición. Ahora toca hablar de los tuyos, de los que estan ahora. Que pasan los años y siguen robando. Empezó con Felipe González, siguió con ZP, que también tuvo sus casos y ahora anda Pedro Sánchez, batiendo todos los registros. Eso sin entrar en CCAA. Déjese de milongas, que con tantas leyes que aprueban, deberían aprobar una, que estipulara que partido corrupto, a la calle y que pase el siguiente, si éste vuelve a robar, enchufar, aforar a políticos para evitar penas, hacer trabajos de fontanería, etc, a la calle también, y que pase otra vez el siguiente. No intentar tapar las miserias y podredumbres, con paguicas, ayudas o subiditas de SMI. Porque el que se vende por un plato de lentejas, estaría normalizando la corrupción y la daría hasta por buena, con tal de que no le toquen el bolsillos y si encima le meten 30 euros mas al mes, hasta gritan VIVA LA CORRUPCIÓN.
55manu|PUNTO 1º Y MAS IMPORTANTE, SI NO ESTAN TODOS LOS PRESIDENTES, SIN DISTINCION ALGUNA, NO HAY CONFERENCIA.
malosera|Y porqué no amplian los días de reunión? Este País parece una broma de mal gusto!!!
arevacos|Quien habla de mafia quienes es desde hace años la mafia mas productiva de España desde hace décadas. En el partido socialista claro que hay mafiosos ,como todos aquellos estamentos ,tanto estatales como privados que pululan por nuestro país. Prueba de ello es que hasta la Reina María Cristina era la mayor mafiosa de España en el siglo diecinueve, pues cobraba mordidas de todo lo que se movía en nuestro país. Que yo sepa actualmente el PSOE no tiene encarcelados dirigentes como el PP ,Así dejar de escupir al cielo por que de seguro os cae en la jeta, de todas todas.Feijoo ya no sabe que inventarse junto con sus secuaces para desbancar a Sánchez y alzarse con el santo y la limosna, sabedor que su tiempo se ha acabado y Sánchez es un muerto muy vivo.
Doblon|@Demogracias #17 Cerrar @ Yonoencajo # 1 el pedir meter todo eso en una hora es una estrategia del PP para que no se hable de nada, solo hacer ruido, cobrar los 6000 euros cada uno de sus presidentes autonómicos, comer a costa del contribuyente y para casa sin haber hecho nada de nada por mejorar España, sólo busca mejorar su posición de cara a las elecciones porque de una reunión que podían salir acuerdos muy necesarios para España sólo va a salir barro y bien caro que nos va a costar. A mi me parece una irresponsabilidad de Feijo jugar a esto, haga política en otros sitios no en una reunión muy necesaria. Los zurdos,especialmente los que entráis en debate contra cualquier opinión que no sea la vuestra sois los que defendéis las continúas manipulaciones de este desgobierno. Patética tu opinión sobre las dietas y el almuerzo de los asistentes. Ya has intervenido bastante, descansa....tómate el bocadillo de mortadela , la botella de agua y mañana continúas.
Pan_Solo|@Demogracias #23 Cerrar @ jumielrodca # 15 los únicos desolados y desconcertados son los pobrecitos de PP y VOX que como esperaban gobernar hacieron una campaña electoral contra todos los partidos, se presentaron como los españoles de bien que van a volver a hacer una cruzada y claro cuándo los votos no salieron se tuvieron que arrastrar delante de JUNTS dándole el gustazo a Puch a mearles en la cara, desde entonces siguen arrastrándose hasta waterloo de vez en cuando prometiendo que ellos pueden hacer que los españoles de bien se traguen su vuelta a Cataluña porque se tragan lo que sea. qué película se ha visto usted?
barcetabis|@Rosbrut #21 Cerrar @ Demogracias # 17 no digas tntrias. Lo que es una estrategia es dedicar solo una hora para hablar de temas tan importantes. Sea de quien sea la culpa. Los justificadores del PSOE sois expertos en dar la vuelta a las cosas como un calcetín. Estos tíos (todos) cobran una barbaridad como para tener que quedarse una noche en un hotel y continuar al día siguiente una reunión tan importante. El PP sabe que metiendo todo que ha metido en el Orden del Dia, y con diecisiete Presidentes para tomar la palabra. No hay tiempo. Y la Conferencia sería un fiasco. Esa era su única intención. Ahora bien,tienes razón , que la alarguen al día siguiente . Pero tampoco lo harán. Aunque los del PSOE lo plantearan , el PP no lo aceptaría. Necesita vivir con la política barrio bajera en la que se ha instalado.
